<DATE>	    <OPEN>	<HIGH>	<LOW>	<CLOSE>	<TICKVOL>	<VOL>	<SPREAD>
2019.12.23	17.172	17.441	17.163	17.427	38290	0	0
2019.12.24	17.423	17.770	17.360	17.753	34020	0	0
2019.12.26	17.741	18.039	17.718	17.874	50888	0	0
2019.12.27	17.883	17.958	17.731	17.754	48413	0	0
2019.12.30	17.771	17.947	17.764	17.908	39613	0	0
2019.12.31	17.908	18.130	17.806	17.806	47414	0	0
2020.01.02	17.886	18.085	17.775	18.005	52547	0	0
2020.01.03	17.997	18.258	17.981	18.027	83568	0	0
2020.01.06	18.143	18.492	17.998	18.133	94832	0	0
2020.01.07	18.127	18.423	17.935	18.383	67970	0	0
2020.01.08	18.369	18.842	18.046	18.085	140190	0	0
2020.01.09	18.089	18.190	17.784	17.881	80146	0	0
2020.01.10	17.900	18.139	17.831	18.087	57220	0	0
2020.01.13	18.066	18.077	17.906	17.941	51153	0	0
2020.01.14	17.952	17.954	17.667	17.783	60247	0	0
2020.01.15	17.788	18.026	17.735	17.986	58294	0	0
2020.01.16	17.980	18.035	17.854	17.926	47968	0	0
2020.01.17	17.925	18.157	17.890	18.003	51932	0	0
2020.01.20	18.029	18.117	17.985	18.043	27278	0	0
2020.01.21	18.053	18.140	17.619	17.769	70866	0	0
2020.01.22	17.794	17.917	17.672	17.821	45620	0	0
2020.01.23	17.826	17.899	17.591	17.781	62061	0	0
2020.01.24	17.798	18.133	17.734	18.083	53588	0	0
2020.01.27	18.238	18.343	18.030	18.082	75054	0	0
2020.01.28	18.080	18.105	17.423	17.449	48615	0	0
2020.01.29	17.491	17.576	17.312	17.538	34172	0	0
2020.01.30	17.534	18.025	17.524	17.819	57710	0	0
2020.01.31	17.822	18.078	17.777	18.030	54714	0	0
2020.02.03	18.056	18.083	17.584	17.662	68679	0	0
2020.02.04	17.667	17.768	17.512	17.569	61730	0	0
2020.02.05	17.580	17.709	17.470	17.590	65451	0	0
2020.02.06	17.600	17.869	17.584	17.802	54691	0	0
2020.02.07	17.800	17.848	17.609	17.688	61793	0	0
2020.02.10	17.707	17.824	17.666	17.747	54402	0	0
2020.02.11	17.752	17.795	17.557	17.624	49705	0	0
2020.02.12	17.631	17.658	17.451	17.462	50335	0	0
2020.02.13	17.469	17.720	17.457	17.627	53250	0	0
2020.02.14	17.630	17.794	17.606	17.736	42427	0	0
2020.02.17	17.702	17.876	17.672	17.728	20132	0	0
2020.02.18	17.775	18.217	17.771	18.150	48142	0	0
2020.02.19	18.155	18.450	18.137	18.413	57100	0	0
2020.02.20	18.382	18.431	18.211	18.347	79874	0	0
2020.02.21	18.350	18.617	18.341	18.475	81674	0	0
2020.02.24	18.600	18.932	18.523	18.616	132866	0	0
2020.02.25	18.635	18.653	17.846	17.976	134131	0	0
2020.02.26	17.973	18.193	17.778	17.900	107547	0	0
2020.02.27	17.887	18.124	17.604	17.753	99357	0	0
2020.02.28	17.726	17.852	16.378	16.656	135677	0	0
2020.03.02	16.517	17.042	16.422	16.714	123870	0	0
2020.03.03	16.707	17.455	16.702	17.203	108192	0	0
2020.03.04	17.182	17.321	17.066	17.195	88037	0	0
2020.03.05	17.212	17.447	17.133	17.414	77246	0	0
2020.03.06	17.417	17.559	17.027	17.331	122150	0	0
2020.03.09	17.444	17.584	16.550	16.989	135715	0	0
2020.03.10	16.971	17.180	16.794	16.876	90557	0	0
2020.03.11	16.869	17.094	16.659	16.738	74905	0	0
2020.03.12	16.731	16.906	15.505	15.789	134439	0	0
2020.03.13	15.765	15.851	14.427	14.693	126746	0	0
2020.03.16	15.190	15.191	11.284	12.860	134127	0	0
2020.03.17	12.830	13.234	12.108	12.602	111862	0	0
2020.03.18	12.575	12.884	11.622	11.966	120464	0	0
2020.03.19	11.941	12.295	11.754	12.088	109636	0	0
2020.03.20	12.071	13.009	11.976	12.559	102867	0	0
2020.03.23	12.613	13.260	12.265	13.250	120783	0	0
2020.03.24	13.237	14.307	13.145	14.255	90289	0	0
2020.03.25	14.270	14.706	13.985	14.432	76983	0	0
2020.03.26	14.478	14.663	14.125	14.375	64975	0	0
2020.03.27	14.363	14.606	14.163	14.392	51907	0	0
2020.03.30	14.422	14.520	13.799	14.023	66196	0	0
2020.03.31	14.043	14.232	13.843	13.952	51613	0	0
2020.04.01	13.932	14.125	13.799	13.939	51780	0	0
2020.04.02	13.941	14.535	13.883	14.463	64918	0	0
2020.04.03	14.478	14.525	14.253	14.406	55108	0	0
2020.04.06	14.401	15.062	14.218	14.989	54568	0	0
2020.04.07	15.012	15.526	14.861	15.007	58525	0	0
2020.04.08	14.969	15.124	14.831	14.936	43210	0	0
2020.04.09	14.928	15.519	14.901	15.363	61360	0	0
2020.04.13	15.402	15.468	15.101	15.384	59552	0	0
2020.04.14	15.361	15.827	15.316	15.729	70829	0	0
2020.04.15	15.713	15.771	15.263	15.428	59010	0	0
2020.04.16	15.433	15.574	15.193	15.476	59837	0	0
2020.04.17	15.493	15.530	15.014	15.173	66016	0	0
2020.04.20	15.124	15.417	15.040	15.289	60792	0	0
2020.04.21	15.295	15.313	14.521	14.869	80986	0	0
2020.04.22	14.884	15.141	14.663	15.061	66365	0	0
2020.04.23	15.065	15.429	14.945	15.220	74940	0	0
2020.04.24	15.219	15.377	15.012	15.224	49987	0	0
2020.04.27	15.188	15.313	15.005	15.183	46951	0	0
2020.04.28	15.162	15.213	14.891	15.137	54722	0	0
2020.04.29	15.132	15.379	15.080	15.257	46900	0	0
2020.04.30	15.259	15.484	14.590	14.950	62774	0	0
2020.05.01	14.940	15.023	14.731	14.965	55196	0	0
2020.05.04	14.916	15.047	14.690	14.757	49688	0	0
2020.05.05	14.761	15.028	14.705	14.940	36623	0	0
2020.05.06	14.943	15.139	14.801	14.827	47471	0	0
2020.05.07	14.811	15.412	14.805	15.325	49607	0	0
2020.05.08	15.308	15.613	15.198	15.422	60101	0	0
2020.05.11	15.464	15.604	15.261	15.460	48044	0	0
2020.05.12	15.466	15.614	15.323	15.429	45522	0	0
2020.05.13	15.424	15.644	15.289	15.543	45208	0	0
2020.05.14	15.554	15.882	15.431	15.843	44479	0	0
2020.05.15	15.856	16.704	15.751	16.620	62905	0	0
2020.05.18	16.748	17.545	16.654	16.948	82055	0	0
2020.05.19	16.961	17.466	16.952	17.326	61584	0	0
2020.05.20	17.327	17.610	17.245	17.524	57420	0	0
2020.05.21	17.502	17.509	16.851	17.082	64022	0	0
2020.05.22	17.087	17.234	16.705	17.185	60481	0	0
2020.05.25	17.184	17.184	16.877	17.073	32691	0	0
2020.05.26	17.087	17.437	17.006	17.111	61819	0	0
2020.05.27	17.099	17.346	16.831	17.233	55359	0	0
2020.05.28	17.271	17.502	17.167	17.350	59786	0	0
2020.05.29	17.349	17.896	17.243	17.843	57480	0	0
2020.06.01	18.010	18.366	17.923	18.276	62083	0	0
2020.06.02	18.293	18.347	17.761	18.050	56724	0	0
2020.06.03	18.034	18.069	17.448	17.627	78571	0	0
2020.06.04	17.633	17.837	17.453	17.691	59020	0	0
2020.06.05	17.708	17.752	17.201	17.396	64366	0	0
2020.06.08	17.329	17.784	17.289	17.757	54634	0	0
2020.06.09	17.726	17.769	17.448	17.505	56019	0	0
2020.06.10	17.513	18.175	17.512	18.091	56471	0	0
2020.06.11	18.085	18.136	17.462	17.628	67584	0	0
2020.06.12	17.637	17.736	17.372	17.487	60643	0	0
2020.06.15	17.432	17.537	16.933	17.360	73483	0	0
2020.06.16	17.369	17.556	17.268	17.435	65657	0	0
2020.06.17	17.425	17.594	17.318	17.478	45037	0	0
2020.06.18	17.469	17.661	17.293	17.354	45797	0	0
2020.06.19	17.369	17.784	17.348	17.563	42688	0	0
2020.06.22	17.628	18.013	17.620	17.679	59148	0	0
2020.06.23	17.698	17.998	17.650	17.919	57159	0	0
2020.06.24	17.932	18.061	17.348	17.474	61036	0	0
2020.06.25	17.485	17.797	17.430	17.779	49795	0	0
2020.06.26	17.775	17.938	17.472	17.776	47382	0	0
2020.06.29	17.755	17.939	17.671	17.831	55155	0	0
2020.06.30	17.813	18.235	17.749	18.189	56919	0	0
2020.07.01	18.184	18.428	17.818	17.991	75301	0	0
2020.07.02	17.980	18.113	17.747	17.927	32306	0	20
2020.07.03	17.933	18.053	17.925	17.995	15309	0	21
2020.07.06	17.992	18.380	17.925	18.250	23401	0	12
2020.07.07	18.247	18.348	17.974	18.247	26244	0	18
2020.07.08	18.243	18.753	18.222	18.697	28301	0	13
2020.07.09	18.696	19.024	18.470	18.636	36341	0	14
2020.07.10	18.617	18.790	18.476	18.682	26147	0	12
2020.07.13	18.683	19.360	18.683	19.051	32090	0	18
2020.07.14	19.033	19.279	18.858	19.199	39223	0	19
2020.07.15	19.181	19.462	19.117	19.397	33865	0	18
2020.07.16	19.413	19.447	19.080	19.141	28630	0	13
2020.07.17	19.154	19.375	18.913	19.315	25912	0	18
2020.07.20	19.321	19.904	19.237	19.880	36694	0	18
2020.07.21	19.885	21.307	19.838	21.282	51135	0	15
2020.07.22	21.250	23.058	21.249	22.972	74121	0	0
2020.07.23	22.995	23.241	22.230	22.575	82066	0	7
2020.07.24	22.587	22.905	22.379	22.756	56578	0	12
2020.07.27	22.733	24.578	22.671	24.564	76290	0	2
2020.07.28	24.514	26.186	22.272	24.377	89336	0	0
2020.07.29	24.431	24.940	23.294	24.277	64656	0	13
2020.07.30	24.281	24.380	22.890	23.482	73781	0	9
2020.07.31	23.502	24.477	23.260	24.269	74369	0	10
2020.08.03	24.464	24.892	23.995	24.298	46136	0	2
2020.08.04	24.304	26.025	24.112	25.970	60228	0	5
2020.08.05	26.009	27.125	25.361	26.913	90886	0	0
2020.08.06	26.944	29.065	26.775	28.872	86480	0	9
2020.08.07	28.904	29.829	27.365	28.173	106784	0	16
2020.08.10	28.412	29.398	27.787	29.112	85821	0	0
2020.08.11	29.063	29.233	24.365	24.783	118769	0	0
2020.08.12	24.802	26.263	23.409	25.483	96928	0	0
2020.08.13	25.496	27.705	25.256	27.489	91074	0	18
2020.08.14	27.480	27.702	25.726	26.465	102407	0	13
2020.08.17	26.490	27.556	25.793	27.461	80035	0	0
2020.08.18	27.472	28.441	27.083	27.650	78822	0	14
2020.08.19	27.704	28.009	26.475	26.684	92259	0	18
2020.08.20	26.654	27.506	26.585	27.218	90428	0	0
2020.08.21	27.241	27.518	26.013	26.595	71556	0	21
2020.08.24	26.784	27.225	26.241	26.597	61927	0	28
2020.08.25	26.587	26.784	26.045	26.515	57820	0	26
2020.08.26	26.493	27.471	26.070	27.443	56087	0	22
2020.08.27	27.451	27.908	26.494	26.974	71109	0	15
2020.08.28	27.004	27.700	26.808	27.492	58233	0	20
2020.08.31	27.509	28.345	27.481	28.115	54482	0	23
2020.09.01	28.113	28.884	27.554	28.094	56342	0	6
2020.09.02	28.055	28.291	27.052	27.426	66815	0	23
2020.09.03	27.399	27.689	26.465	26.569	73484	0	9
2020.09.04	26.554	27.014	26.285	26.838	76577	0	0
2020.09.07	26.825	27.158	26.607	26.842	31686	0	22
2020.09.08	26.864	27.079	25.825	26.632	67160	0	7
2020.09.09	26.638	27.102	26.393	26.950	44497	0	24
2020.09.10	26.955	27.470	26.675	26.865	55139	0	6
2020.09.11	26.850	27.012	26.547	26.741	52759	0	18
2020.09.14	26.708	27.292	26.654	27.089	39283	0	17
2020.09.15	27.110	27.609	26.994	27.115	49020	0	22
2020.09.16	27.119	27.424	26.857	27.144	54336	0	0
2020.09.17	27.136	27.186	26.272	27.006	66532	0	0
2020.09.18	27.047	27.204	26.670	26.827	48446	0	16
2020.09.21	26.739	26.941	23.676	24.710	80307	0	11
2020.09.22	24.713	25.217	23.812	24.346	75204	0	8
2020.09.23	24.366	24.452	22.576	22.748	86073	0	6
2020.09.24	22.730	23.333	21.644	23.116	90796	0	14
2020.09.25	23.122	23.283	22.412	22.893	68929	0	13
2020.09.28	22.845	23.708	22.500	23.653	63990	0	2
2020.09.29	23.639	24.391	23.355	24.157	58345	0	10
2020.09.30	24.286	24.296	23.114	23.208	66924	0	7
2020.10.01	23.225	24.150	23.204	23.770	57402	0	10
2020.10.02	23.741	24.190	23.459	23.741	62141	0	9
2020.10.05	23.793	24.498	23.669	24.349	44720	0	6
2020.10.06	24.340	24.485	22.883	23.041	56065	0	6
2020.10.07	23.004	23.961	22.980	23.788	48559	0	9
2020.10.08	23.792	24.198	23.641	23.815	36728	0	9
2020.10.09	23.811	25.146	23.811	25.136	42918	0	10
2020.10.12	25.084	25.543	24.766	25.082	56467	0	15
2020.10.13	25.085	25.184	23.922	24.108	65861	0	11
2020.10.14	24.115	24.616	23.854	24.240	56446	0	10
2020.10.15	24.232	24.297	23.560	24.275	62905	0	11
2020.10.16	24.276	24.506	24.097	24.125	45077	0	10
2020.10.19	24.133	24.956	24.098	24.373	56751	0	11
2020.10.20	24.368	24.908	24.304	24.603	51076	0	12
2020.10.21	24.627	25.269	24.621	25.026	55123	0	8
2020.10.22	25.030	25.076	24.358	24.694	54667	0	8
2020.10.23	24.693	24.837	24.398	24.581	45141	0	7
2020.10.26	24.641	24.647	24.076	24.252	57998	0	11
2020.10.27	24.250	24.599	24.182	24.346	44215	0	11
2020.10.28	24.369	24.552	23.010	23.363	69452	0	5
2020.10.29	23.362	23.563	22.577	23.234	71371	0	13
2020.10.30	23.243	23.797	23.159	23.661	62990	0	7
2020.11.02	23.552	24.144	23.376	24.073	62216	0	13
2020.11.03	24.068	24.371	23.890	24.216	52353	0	12
2020.11.04	24.199	24.485	23.203	23.877	91403	0	16
2020.11.05	23.885	25.452	23.870	25.337	72364	0	13
2020.11.06	25.336	25.826	24.875	25.593	72028	0	0
2020.11.09	25.710	25.988	23.558	24.075	94390	0	0
2020.11.10	24.109	24.479	23.886	24.215	66876	0	14
2020.11.11	24.194	24.415	23.764	24.255	54053	0	13
2020.11.12	24.261	24.388	24.022	24.260	44922	0	11
2020.11.13	24.259	24.801	24.137	24.606	37297	0	11
2020.11.16	24.679	25.054	24.203	24.741	53706	0	0
2020.11.17	24.716	24.790	24.348	24.471	40172	0	8
2020.11.18	24.470	24.687	24.181	24.319	37820	0	8
2020.11.19	24.297	24.362	23.623	24.018	43294	0	7
2020.11.20	24.029	24.510	23.887	24.150	30235	0	6
2020.11.23	24.154	24.379	23.410	23.577	39934	0	6
2020.11.24	23.567	23.623	22.913	23.248	47237	0	8
2020.11.25	23.239	23.506	23.080	23.335	34045	0	5
2020.11.26	23.311	23.463	23.164	23.311	21021	0	13
2020.11.27	23.272	23.312	22.318	22.670	30910	0	10
2020.11.30	22.694	22.733	21.877	22.614	47180	0	8
2020.12.01	22.594	24.043	22.572	23.962	39027	0	8
2020.12.02	23.975	24.307	23.529	24.054	38024	0	12
2020.12.03	24.066	24.268	23.727	24.041	36627	0	9
2020.12.04	24.038	24.392	23.917	24.151	35457	0	7
2020.12.07	24.187	24.764	23.508	24.459	44296	0	8
2020.12.08	24.440	24.848	24.412	24.526	40451	0	8
2020.12.09	24.553	24.572	23.571	23.933	51023	0	11
2020.12.10	23.939	24.267	23.701	23.984	49994	0	10
2020.12.11	23.971	24.102	23.583	23.939	41096	0	7
2020.12.14	23.981	24.219	23.653	23.813	48877	0	10
2020.12.15	23.829	24.545	23.818	24.472	51231	0	7
2020.12.16	24.475	25.478	24.425	25.294	60762	0	9
2020.12.17	25.302	26.085	25.139	26.045	56166	0	5
2020.12.18	26.030	26.110	25.640	25.766	51702	0	8
2020.12.21	25.898	27.394	24.930	26.144	103479	0	0
2020.12.22	26.165	26.560	25.060	25.164	76580	0	11
2020.12.23	25.150	25.774	25.042	25.509	64480	0	14
2020.12.24	25.524	25.892	25.399	25.789	39575	0	8
2020.12.28	26.003	26.759	25.848	26.222	59386	0	11
2020.12.29	26.229	26.594	25.935	26.188	54198	0	1
2020.12.30	26.183	26.657	26.124	26.625	42562	0	10
2020.12.31	26.648	26.692	26.199	26.366	39729	0	6
2021.01.04	26.606	27.551	26.555	27.210	63615	0	14
2021.01.05	27.174	27.673	26.973	27.521	58260	0	16
2021.01.06	27.531	27.909	26.583	27.276	81614	0	12
2021.01.07	27.270	27.341	26.903	27.114	61941	0	10
2021.01.08	27.124	27.192	24.460	25.363	86107	0	0
2021.01.11	25.385	25.485	24.319	24.893	76102	0	11
2021.01.12	24.905	25.625	24.899	25.520	59013	0	8
2021.01.13	25.539	25.668	25.113	25.191	49827	0	10
2021.01.14	25.190	25.878	25.031	25.488	58069	0	10
2021.01.15	25.497	25.772	24.567	24.696	70393	0	10
2021.01.18	24.753	25.139	24.023	24.924	50576	0	12
2021.01.19	24.926	25.395	24.915	25.203	57082	0	11
2021.01.20	25.190	25.867	25.019	25.819	57330	0	6
2021.01.21	25.810	26.037	25.622	25.901	52332	0	7
2021.01.22	25.933	25.952	25.012	25.441	61743	0	1
2021.01.25	25.456	25.749	25.148	25.322	64630	0	7
2021.01.26	25.299	25.636	25.171	25.451	49606	0	4
2021.01.27	25.440	25.479	24.678	25.247	65691	0	5
2021.01.28	25.247	26.954	24.842	26.443	79040	0	13
2021.01.29	26.500	27.641	26.032	27.012	89924	0	12
2021.02.01	28.348	30.084	27.944	28.986	132185	0	1
2021.02.02	28.839	28.881	26.262	26.671	98586	0	11
2021.02.03	26.606	27.172	26.470	26.875	69070	0	7
2021.02.04	26.849	26.905	25.882	26.322	76237	0	17
2021.02.05	26.336	27.030	26.181	26.867	58460	0	24
2021.02.08	27.067	27.559	26.828	27.261	57063	0	17
2021.02.09	27.248	27.793	27.047	27.248	53140	0	27
2021.02.10	27.245	27.514	26.805	27.007	57867	0	18
2021.02.11	26.988	27.273	26.685	26.955	45736	0	20
2021.02.12	26.934	27.420	26.836	27.315	42746	0	23
2021.02.15	27.365	27.689	27.342	27.569	26042	0	17
2021.02.16	27.552	27.936	26.811	27.212	58694	0	5
2021.02.17	27.205	27.409	26.844	27.360	65739	0	10
2021.02.18	27.345	27.506	26.853	27.013	65113	0	19
2021.02.19	27.020	27.591	26.053	27.227	66311	0	19
2021.02.22	27.421	28.263	27.253	28.116	76790	0	13
2021.02.23	28.150	28.310	27.230	27.659	74506	0	17
2021.02.24	27.629	28.008	27.305	27.922	74515	0	17
2021.02.25	27.890	28.188	27.255	27.404	100201	0	4
2021.02.26	27.407	27.579	26.120	26.609	113658	0	5
2021.03.01	26.625	27.060	26.422	26.549	69580	0	17
2021.03.02	26.536	26.888	25.832	26.735	81978	0	18
2021.03.03	26.716	26.807	25.820	26.049	75567	0	18
2021.03.04	26.038	26.287	25.041	25.331	103771	0	7
2021.03.05	25.332	25.443	24.815	25.206	92954	0	19
2021.03.08	25.314	25.913	24.932	25.103	85750	0	16
2021.03.09	25.074	26.119	25.022	25.912	60816	0	12
2021.03.10	25.890	26.203	25.534	26.188	63036	0	18
2021.03.11	26.174	26.439	25.822	26.101	59909	0	17
2021.03.12	26.083	26.150	25.371	25.893	62906	0	17
2021.03.15	25.902	26.284	25.778	26.220	58576	0	11
2021.03.16	26.196	26.293	25.819	25.920	49184	0	17
2021.03.17	25.917	26.500	25.739	26.296	57807	0	10
2021.03.18	26.248	26.617	25.821	26.039	75327	0	18
2021.03.19	26.045	26.304	25.856	26.209	62069	0	16
2021.03.22	26.208	26.214	25.393	25.727	59694	0	15
2021.03.23	25.704	25.811	24.995	25.031	54758	0	17
2021.03.24	25.026	25.343	24.963	25.074	53120	0	17
2021.03.25	25.073	25.171	24.391	25.029	63307	0	13
2021.03.26	25.002	25.240	24.852	25.032	40112	0	19
2021.03.29	25.020	25.088	24.429	24.621	54312	0	15
2021.03.30	24.613	24.715	23.838	24.008	57715	0	17
2021.03.31	23.976	24.508	23.757	24.394	53318	0	19
2021.04.01	24.360	24.955	24.233	24.923	48509	0	16
2021.04.05	24.939	25.064	24.591	24.859	34455	0	16
2021.04.06	24.855	25.281	24.751	25.131	39967	0	18
2021.04.07	25.111	25.255	24.838	25.117	38664	0	17
2021.04.08	25.110	25.602	24.943	25.425	39186	0	17
2021.04.09	25.421	25.484	24.969	25.232	40455	0	18
2021.04.12	25.217	25.256	24.690	24.796	41589	0	18
2021.04.13	24.781	25.464	24.664	25.319	44084	0	11
2021.04.14	25.281	25.517	25.180	25.397	42828	0	16
2021.04.15	25.396	25.973	25.303	25.827	44774	0	13
2021.04.16	25.790	26.285	25.733	25.927	40562	0	16
2021.04.19	25.915	26.214	25.617	25.801	57607	0	17
2021.04.20	25.791	26.078	25.675	25.816	45972	0	18
2021.04.21	25.822	26.630	25.747	26.529	40561	0	17
2021.04.22	26.522	26.576	25.961	26.131	46244	0	17
2021.04.23	26.118	26.390	25.834	26.016	41268	0	16
2021.04.26	25.948	26.206	25.838	26.203	41040	0	13
2021.04.27	26.187	26.447	26.033	26.244	35082	0	17
2021.04.28	26.237	26.286	25.815	26.163	48093	0	21
2021.04.29	26.172	26.460	25.694	26.070	42428	0	17
2021.04.30	26.068	26.178	25.783	25.867	39412	0	13
2021.05.03	25.869	26.977	25.786	26.876	29544	0	12
2021.05.04	26.856	27.098	26.078	26.481	42028	0	16
2021.05.05	26.456	26.610	26.085	26.460	35432	0	16
2021.05.06	26.460	27.443	26.158	27.286	43934	0	18
2021.05.07	27.295	27.661	27.124	27.431	55029	0	20
2021.05.10	27.522	27.862	27.221	27.287	60067	0	4
2021.05.11	27.286	27.651	27.084	27.578	54556	0	20
2021.05.12	27.580	27.677	26.936	26.993	63871	0	8
2021.05.13	26.999	27.224	26.706	27.067	60533	0	16
2021.05.14	27.056	27.467	26.801	27.396	51339	0	17
2021.05.17	27.302	28.269	27.289	28.146	57850	0	16
2021.05.18	28.133	28.731	27.991	28.161	54538	0	19
2021.05.19	28.153	28.220	27.354	27.715	76540	0	16
2021.05.20	27.716	27.987	27.380	27.731	55515	0	13
2021.05.21	27.738	28.052	27.183	27.542	56952	0	16
2021.05.24	27.551	27.889	27.443	27.752	49580	0	17
2021.05.25	27.749	28.016	27.446	27.961	52843	0	18
2021.05.26	27.943	28.214	27.588	27.660	51892	0	11
2021.05.27	27.697	27.870	27.482	27.816	49750	0	17
2021.05.28	27.831	27.961	27.382	27.904	50041	0	15
2021.05.31	27.883	28.121	27.859	28.023	29365	0	16
2021.06.01	28.047	28.539	27.809	27.877	52807	0	19
2021.06.02	27.835	28.173	27.674	28.149	45596	0	17
2021.06.03	28.097	28.218	27.018	27.407	52087	0	17
2021.06.04	27.417	27.833	27.209	27.772	50799	0	14
2021.06.07	27.753	27.936	27.463	27.864	44473	0	17
2021.06.08	27.852	27.960	27.490	27.597	45584	0	13
2021.06.09	27.572	27.987	27.503	27.749	38845	0	16
2021.06.10	27.749	28.016	27.402	27.973	48891	0	14
2021.06.11	27.957	28.270	27.879	27.898	40465	0	14
2021.06.14	27.927	28.007	27.455	27.833	42319	0	10
2021.06.15	27.808	27.881	27.380	27.641	45564	0	16
2021.06.16	27.619	27.816	26.582	26.962	47260	0	16
2021.06.17	26.950	27.231	25.757	25.885	74630	0	14
2021.06.18	25.882	26.485	25.740	25.793	63674	0	20
2021.06.21	25.765	26.065	25.536	25.925	66476	0	0
2021.06.22	25.909	26.023	25.675	25.759	48450	0	17
2021.06.23	25.742	26.277	25.741	25.870	41604	0	16
2021.06.24	25.847	26.153	25.798	25.914	35979	0	17
2021.06.25	25.906	26.287	25.898	26.096	34862	0	16
2021.06.28	26.073	26.208	25.774	26.092	42962	0	11
2021.06.29	26.047	26.102	25.506	25.746	43470	0	5
2021.06.30	25.731	26.133	25.688	26.097	36984	0	15
2021.07.01	26.071	26.386	25.931	26.009	41561	0	15
2021.07.02	25.996	26.549	25.965	26.446	37396	0	0
2021.07.05	26.461	26.601	26.362	26.453	25084	0	12
2021.07.06	26.450	26.757	25.994	26.133	45617	0	15
2021.07.07	26.131	26.422	25.966	26.121	42473	0	16
2021.07.08	26.145	26.199	25.790	25.908	52319	0	17
2021.07.09	25.906	26.193	25.745	26.103	41080	0	15
2021.07.12	26.058	26.266	25.854	26.175	36090	0	11
2021.07.13	26.188	26.334	25.919	25.961	37433	0	15
2021.07.14	25.955	26.453	25.926	26.231	38951	0	15
2021.07.15	26.189	26.380	26.142	26.321	37046	0	19
2021.07.16	26.299	26.436	25.587	25.636	38302	0	16
2021.07.19	25.604	25.744	24.978	25.151	52887	0	15
2021.07.20	25.151	25.260	24.798	24.911	41946	0	17
2021.07.21	24.896	25.298	24.742	25.237	38453	0	14
2021.07.22	25.238	25.450	24.997	25.410	37192	0	16
2021.07.23	25.364	25.460	24.985	25.178	34699	0	15
2021.07.26	25.177	25.421	25.104	25.166	34080	0	14
2021.07.27	25.149	25.248	24.478	24.666	39071	0	6
2021.07.28	24.667	24.997	24.593	24.934	43162	0	18
2021.07.29	24.928	25.784	24.928	25.490	32059	0	17
2021.07.30	25.471	25.621	25.328	25.466	34397	0	15
2021.08.02	25.444	25.621	25.282	25.387	40410	0	18
2021.08.03	25.368	25.585	25.231	25.500	29596	0	16
2021.08.04	25.486	25.988	25.310	25.366	27800	0	15
2021.08.05	25.349	25.492	25.071	25.138	29762	0	14
2021.08.06	25.114	25.190	24.182	24.281	35540	0	16
2021.08.09	24.308	24.350	22.261	23.431	62665	0	9
2021.08.10	23.416	23.658	23.219	23.322	34979	0	18
2021.08.11	23.303	23.578	23.192	23.526	35105	0	4
2021.08.12	23.503	23.540	22.994	23.162	32389	0	8
2021.08.13	23.155	23.816	23.153	23.705	28078	0	17
2021.08.16	23.714	23.887	23.413	23.817	29285	0	13
2021.08.17	23.812	23.941	23.554	23.639	31897	0	13
2021.08.18	23.616	23.813	23.276	23.488	33182	0	17
2021.08.19	23.477	23.526	23.079	23.228	39852	0	17
2021.08.20	23.190	23.309	22.861	23.013	34502	0	15
2021.08.23	22.971	23.677	22.961	23.611	35934	0	15
2021.08.24	23.611	23.937	23.519	23.839	32423	0	16
2021.08.25	23.811	23.880	23.561	23.819	30211	0	13
2021.08.26	23.825	23.857	23.420	23.523	32169	0	13
2021.08.27	23.542	24.098	23.326	24.045	36005	0	20
2021.08.30	23.994	24.197	23.898	24.011	32451	0	13
2021.08.31	23.987	24.192	23.788	23.873	32513	0	8
2021.09.01	23.854	24.249	23.738	24.121	33074	0	11
2021.09.02	24.099	24.202	23.776	23.882	25504	0	15
2021.09.03	23.874	24.854	23.864	24.710	31057	0	0
2021.09.06	24.716	24.807	24.624	24.665	16516	0	16
2021.09.07	24.658	24.810	24.148	24.297	36663	0	12
2021.09.08	24.284	24.396	23.892	23.919	35241	0	16
2021.09.09	23.896	24.274	23.829	24.022	36971	0	15
2021.09.10	24.031	24.282	23.723	23.723	33673	0	16
2021.09.13	23.708	23.844	23.369	23.716	37892	0	17
2021.09.14	23.694	23.945	23.412	23.835	36866	0	19
2021.09.15	23.804	23.895	23.649	23.818	33271	0	15
2021.09.16	23.807	23.951	22.586	22.878	44947	0	5
2021.09.17	22.896	23.122	22.317	22.363	38982	0	15
2021.09.20	22.325	22.499	22.020	22.242	39364	0	13
2021.09.21	22.227	22.707	22.224	22.470	34846	0	15
2021.09.22	22.438	23.129	22.438	22.671	43682	0	18
2021.09.23	22.672	22.864	22.452	22.488	36868	0	13
2021.09.24	22.476	22.784	22.092	22.379	35243	0	18
2021.09.27	22.367	22.835	22.367	22.605	37584	0	19
2021.09.28	22.582	22.656	22.084	22.432	44314	0	14
2021.09.29	22.412	22.535	21.406	21.518	43317	0	16
2021.09.30	21.496	22.218	21.454	22.148	41674	0	17
2021.10.01	22.132	22.567	21.975	22.503	37329	0	15
2021.10.04	22.521	22.759	22.269	22.658	39283	0	16
2021.10.05	22.643	22.681	22.356	22.604	34237	0	18
2021.10.06	22.586	22.673	22.194	22.598	42429	0	14
2021.10.07	22.582	22.792	22.370	22.572	32206	0	16
2021.10.08	22.567	23.172	22.416	22.621	40861	0	18
2021.10.11	22.637	22.803	22.479	22.559	33709	0	14
2021.10.12	22.550	22.750	22.329	22.542	35229	0	16
2021.10.13	22.522	23.231	22.451	23.078	39613	0	19
2021.10.14	23.058	23.572	22.881	23.498	35337	0	18
2021.10.15	23.471	23.574	23.054	23.310	44169	0	17
2021.10.18	23.299	23.437	22.996	23.173	66868	0	19
2021.10.19	23.138	24.107	23.138	23.645	55952	0	18
2021.10.20	23.627	24.406	23.557	24.272	53304	0	18
2021.10.21	24.282	24.470	23.991	24.133	56277	0	18
2021.10.22	24.117	24.814	24.107	24.291	39751	0	16
2021.10.25	24.323	24.601	24.263	24.550	41856	0	13
2021.10.26	24.534	24.557	23.861	24.132	39604	0	19
2021.10.27	24.119	24.237	23.820	24.042	40244	0	20
2021.10.28	24.032	24.230	23.945	24.053	42059	0	18
2021.10.29	24.034	24.073	23.642	23.873	42977	0	19
2021.11.01	23.879	24.082	23.729	24.027	29470	0	16
2021.11.02	24.021	24.050	23.373	23.517	35018	0	15
2021.11.03	23.494	23.607	23.005	23.494	45238	0	18
2021.11.04	23.480	24.026	23.425	23.774	36191	0	17
2021.11.05	23.772	24.148	23.591	24.133	43524	0	17
2021.11.08	24.145	24.502	24.039	24.435	40880	0	17
2021.11.09	24.419	24.460	24.009	24.284	38828	0	19
2021.11.10	24.291	25.111	24.006	24.615	48316	0	16
2021.11.11	24.614	25.256	24.573	25.225	44254	0	15
2021.11.12	25.214	25.370	24.832	25.277	39367	0	18
2021.11.15	25.301	25.365	24.892	25.043	39890	0	16
2021.11.16	25.044	25.389	24.752	24.811	44161	0	16
2021.11.17	24.786	25.189	24.782	25.064	38593	0	17
2021.11.18	25.023	25.141	24.666	24.782	40203	0	18
2021.11.19	24.761	24.964	24.540	24.606	48500	0	17
2021.11.22	24.600	24.869	24.088	24.159	49056	0	20
2021.11.23	24.160	24.313	23.259	23.637	50723	0	17
2021.11.24	23.614	23.672	23.383	23.527	43683	0	16
2021.11.25	23.516	23.710	23.499	23.554	19366	0	19
2021.11.26	23.563	23.712	22.902	23.132	51543	0	20
2021.11.29	23.088	23.425	22.738	22.885	43922	0	18
2021.11.30	22.855	23.296	22.675	22.819	55366	0	19
2021.12.01	22.844	23.013	22.170	22.308	49832	0	19
2021.12.02	22.293	22.491	22.200	22.361	45228	0	19
2021.12.03	22.345	22.568	22.021	22.521	47004	0	19
2021.12.06	22.585	22.591	22.108	22.364	33221	0	15
2021.12.07	22.371	22.583	22.216	22.484	29129	0	18
2021.12.08	22.481	22.548	22.293	22.410	31683	0	19
2021.12.09	22.401	22.463	21.848	21.942	32805	0	18
2021.12.10	21.930	22.215	21.813	22.166	29862	0	16
2021.12.13	22.153	22.403	22.128	22.311	28225	0	17
2021.12.14	22.285	22.323	21.673	21.920	32374	0	17
2021.12.15	21.910	22.109	21.393	22.065	41102	0	19
2021.12.16	22.029	22.522	21.903	22.465	37133	0	14
2021.12.17	22.450	22.662	22.344	22.364	33432	0	17
2021.12.20	22.352	22.432	22.175	22.249	31015	0	16
2021.12.21	22.245	22.772	22.165	22.496	29949	0	16
2021.12.22	22.476	22.822	22.428	22.789	27422	0	18
2021.12.23	22.750	22.918	22.639	22.857	26244	0	17
2021.12.27	22.839	23.099	22.632	23.043	31283	0	15
2021.12.28	22.998	23.421	22.946	22.998	24001	0	15
2021.12.29	22.969	23.142	22.576	22.813	29413	0	16
2021.12.30	22.813	23.097	22.585	23.018	28072	0	18
2021.12.31	22.995	23.321	22.991	23.266	22487	0	16
2022.01.03	23.325	23.391	22.659	22.879	33561	0	17
2022.01.04	22.856	23.085	22.625	23.030	38679	0	18
2022.01.05	23.026	23.241	22.707	22.776	34151	0	15
2022.01.06	22.771	22.813	21.990	22.174	46279	0	20
2022.01.07	22.143	22.424	21.930	22.306	37612	0	19
2022.01.10	22.333	22.503	22.176	22.446	41513	0	17
2022.01.11	22.437	22.791	22.421	22.762	37355	0	18
2022.01.12	22.748	23.205	22.631	23.118	33896	0	17
2022.01.13	23.107	23.255	22.982	23.064	32140	0	18
2022.01.14	23.031	23.294	22.810	22.942	35401	0	17
2022.01.17	22.939	23.099	22.815	22.991	18490	0	18
2022.01.18	23.007	23.622	22.792	23.457	46123	0	18
2022.01.19	23.408	24.193	23.374	24.123	44483	0	19
2022.01.20	24.101	24.686	24.060	24.455	52441	0	19
2022.01.21	24.419	24.562	24.153	24.239	51143	0	21
2022.01.24	24.179	24.295	23.546	23.967	53553	0	23
2022.01.25	23.954	23.967	23.583	23.788	44951	0	22
2022.01.26	23.788	23.958	23.421	23.501	54784	0	21
2022.01.27	23.506	23.582	22.561	22.751	57806	0	22
2022.01.28	22.749	22.806	22.131	22.422	51974	0	23
2022.01.31	22.435	22.627	22.235	22.444	40843	0	21
2022.02.01	22.455	23.029	22.391	22.616	40276	0	20
2022.02.02	22.623	22.849	22.450	22.634	34197	0	22
2022.02.03	22.625	22.645	21.990	22.404	39658	0	22
2022.02.04	22.407	22.651	22.097	22.472	38792	0	19
2022.02.07	22.497	23.085	22.491	22.987	42073	0	21
2022.02.08	22.979	23.243	22.760	23.163	33457	0	20
2022.02.09	23.148	23.338	23.075	23.281	29014	0	20
2022.02.10	23.282	23.698	23.113	23.169	43886	0	22
2022.02.11	23.167	23.671	22.844	23.604	56735	0	22
2022.02.14	23.566	23.925	23.501	23.822	59048	0	22
2022.02.15	23.809	23.975	23.061	23.345	46780	0	18
2022.02.16	23.357	23.655	23.264	23.569	38612	0	22
2022.02.17	23.603	23.904	23.407	23.810	55711	0	22
2022.02.18	23.822	24.072	23.667	23.949	48174	0	21
2022.02.21	23.931	24.034	23.680	23.926	38780	0	20
2022.02.22	23.985	24.348	23.894	24.087	63117	0	21
2022.02.23	24.089	24.573	24.014	24.526	47800	0	21
2022.02.24	24.523	25.602	23.827	24.206	100102	0	23
2022.02.25	24.228	24.483	23.861	24.194	61383	0	22
2022.02.28	24.581	24.741	24.076	24.421	63757	0	22
2022.03.01	24.397	25.525	24.267	25.354	44726	0	20
2022.03.02	25.258	25.399	24.845	25.282	65137	0	20
2022.03.03	25.304	25.461	24.954	25.159	54454	0	22
2022.03.04	25.139	25.724	25.028	25.638	65974	0	22
2022.03.07	25.826	26.126	25.275	25.639	87163	0	28
2022.03.08	25.587	26.931	25.340	26.377	86609	0	25
2022.03.09	26.351	26.756	25.385	25.752	73733	0	30
2022.03.10	25.755	26.052	25.296	25.894	57588	0	29
2022.03.11	25.872	25.981	25.400	25.815	48363	0	29
2022.03.14	25.892	25.925	24.915	25.019	46779	0	24
2022.03.15	24.963	25.104	24.516	24.867	48898	0	29
2022.03.16	24.855	25.091	24.450	25.058	49277	0	30
2022.03.17	25.066	25.526	24.986	25.345	39889	0	30
2022.03.18	25.344	25.437	24.816	24.909	38589	0	24
2022.03.21	24.973	25.294	24.867	25.182	39848	0	25
2022.03.22	25.172	25.365	24.562	24.754	38430	0	24
2022.03.23	24.726	25.186	24.661	25.088	32658	0	19
2022.03.24	25.066	25.834	24.956	25.509	35256	0	21
2022.03.25	25.512	25.709	25.243	25.404	38616	0	17
2022.03.28	25.476	25.564	24.781	24.851	50806	0	20
2022.03.29	24.837	24.995	23.954	24.755	45363	0	12
2022.03.30	24.768	25.049	24.683	24.842	34894	0	15
2022.03.31	24.856	25.069	24.551	24.768	35750	0	18
2022.04.01	24.756	24.845	24.407	24.612	36703	0	19
2022.04.04	24.588	24.829	24.264	24.516	32938	0	16
2022.04.05	24.529	24.929	24.209	24.313	34131	0	20
2022.04.06	24.317	24.551	24.109	24.432	43270	0	22
2022.04.07	24.414	24.645	24.225	24.576	35579	0	18
2022.04.08	24.564	24.794	24.356	24.745	27286	0	18
2022.04.11	24.750	25.360	24.657	25.080	41528	0	15
2022.04.12	25.061	25.596	24.853	25.344	35814	0	11
2022.04.13	25.334	25.815	25.333	25.715	33896	0	17
2022.04.14	25.712	25.854	25.273	25.634	40315	0	14
2022.04.18	25.586	26.204	25.573	25.837	43716	0	10
2022.04.19	25.811	25.982	25.038	25.153	44749	0	12
2022.04.20	25.143	25.279	24.874	25.173	41824	0	18
2022.04.21	25.162	25.178	24.404	24.636	45543	0	18
2022.04.22	24.638	24.659	24.031	24.162	51953	0	13
2022.04.25	24.123	24.159	23.382	23.597	58353	0	14
2022.04.26	23.583	23.911	23.383	23.481	53369	0	15
2022.04.27	23.501	23.677	23.226	23.279	50525	0	14
2022.04.28	23.244	23.400	22.873	23.128	45281	0	17
2022.04.29	23.117	23.543	22.662	22.731	44029	0	15
2022.05.02	22.734	22.835	22.105	22.615	43958	0	16
2022.05.03	22.617	22.824	22.402	22.545	40194	0	15
2022.05.04	22.538	23.073	22.196	22.953	39314	0	17
2022.05.05	22.959	23.264	22.305	22.502	54129	0	19
2022.05.06	22.479	22.625	22.085	22.322	49179	0	18
2022.05.09	22.310	22.352	21.670	21.769	52893	0	17
2022.05.10	21.753	22.085	21.165	21.238	53529	0	16
2022.05.11	21.213	21.946	21.213	21.551	52279	0	13
2022.05.12	21.547	21.643	20.601	20.658	52847	0	21
2022.05.13	20.622	21.075	20.438	21.070	42503	0	18
2022.05.16	21.032	21.670	20.827	21.589	41326	0	16
2022.05.17	21.599	21.896	21.492	21.608	36433	0	17
2022.05.18	21.599	21.738	21.355	21.392	55002	0	19
2022.05.19	21.398	21.978	21.265	21.903	74120	0	19
2022.05.20	21.897	22.062	21.591	21.741	56408	0	20
2022.05.23	21.755	22.173	21.658	21.778	51231	0	17
2022.05.24	21.774	22.190	21.653	22.093	40504	0	18
2022.05.25	22.070	22.128	21.722	21.961	37581	0	8
2022.05.26	21.954	22.056	21.710	21.992	40388	0	13
2022.05.27	21.989	22.429	21.923	22.093	33756	0	14
2022.05.30	22.081	22.266	21.895	21.945	27594	0	19
2022.05.31	21.963	21.987	21.461	21.530	49132	0	13
2022.06.01	21.519	21.959	21.419	21.810	43058	0	13
2022.06.02	21.809	22.318	21.747	22.282	31265	0	8
2022.06.03	22.276	22.466	21.833	21.942	40549	0	17
2022.06.06	21.879	22.500	21.871	22.056	53121	0	16
2022.06.07	22.062	22.274	21.845	22.211	42966	0	15
2022.06.08	22.212	22.231	21.793	22.034	35679	0	15
2022.06.09	22.032	22.133	21.535	21.668	42711	0	14
2022.06.10	21.679	21.980	21.256	21.872	52811	0	17
2022.06.13	21.913	21.992	20.945	21.048	80304	0	17
2022.06.14	21.063	21.362	20.879	21.020	57096	0	15
2022.06.15	21.030	21.829	20.991	21.658	61032	0	16
2022.06.16	21.635	21.947	21.330	21.926	50264	0	16
2022.06.17	21.912	21.934	21.561	21.681	48456	0	14
2022.06.20	21.524	21.827	21.455	21.578	30159	0	14
2022.06.21	21.542	21.924	21.478	21.671	33324	0	14
2022.06.22	21.639	21.661	21.217	21.400	57410	0	16
2022.06.23	21.413	21.492	20.904	20.932	50866	0	14
2022.06.24	20.939	21.207	20.594	21.116	52560	0	14
2022.06.27	21.190	21.522	21.076	21.137	39875	0	16
2022.06.28	21.138	21.348	20.779	20.829	36152	0	13
2022.06.29	20.790	21.044	20.615	20.716	44185	0	15
2022.06.30	20.710	20.804	20.194	20.248	48597	0	16
2022.07.01	20.247	20.280	19.368	19.846	66603	0	16
2022.07.04	19.870	19.970	19.748	19.936	29473	0	17
2022.07.05	19.933	20.185	19.080	19.193	49643	0	17
2022.07.06	19.215	19.376	18.904	19.181	57736	0	13
2022.07.07	19.169	19.467	19.084	19.207	43021	0	18
2022.07.08	19.201	19.435	18.999	19.292	43027	0	14
2022.07.11	19.264	19.354	19.051	19.086	45231	0	2
2022.07.12	19.086	19.186	18.725	18.913	49762	0	10
2022.07.13	18.896	19.393	18.844	19.187	56777	0	14
2022.07.14	19.196	19.209	18.125	18.391	67493	0	15
2022.07.15	18.395	18.762	18.170	18.681	54332	0	14
2022.07.18	18.689	18.999	18.622	18.665	41643	0	18
2022.07.19	18.682	18.890	18.566	18.733	33612	0	12
2022.07.20	18.730	19.080	18.631	18.652	34305	0	14
2022.07.21	18.662	18.870	18.224	18.835	41266	0	10
2022.07.22	18.815	18.932	18.495	18.594	41512	0	15
2022.07.25	18.583	18.771	18.300	18.415	42161	0	15
2022.07.26	18.405	18.707	18.371	18.605	35805	0	14
2022.07.27	18.604	19.118	18.434	19.068	41323	0	16
2022.07.28	19.063	20.009	19.041	19.981	56270	0	13
2022.07.29	19.984	20.342	19.829	20.330	53279	0	18
2022.08.01	20.298	20.495	20.064	20.337	56538	0	16
2022.08.02	20.334	20.491	19.934	19.955	58350	0	17
2022.08.03	19.959	20.156	19.763	20.039	40790	0	16
2022.08.04	20.045	20.370	19.946	20.150	40546	0	14
2022.08.05	20.170	20.303	19.531	19.875	43322	0	11
2022.08.08	19.871	20.725	19.780	20.631	30594	0	15
2022.08.09	20.647	20.720	20.397	20.505	35795	0	13
2022.08.10	20.509	20.824	20.329	20.564	38480	0	14
2022.08.11	20.570	20.616	20.226	20.296	37401	0	14
2022.08.12	20.286	20.820	20.224	20.798	33510	0	14
2022.08.15	20.748	20.858	20.072	20.256	37733	0	13
2022.08.16	20.249	20.292	19.896	20.118	36559	0	11
2022.08.17	20.097	20.264	19.679	19.775	41493	0	2
2022.08.18	19.748	19.920	19.467	19.520	40458	0	0
2022.08.19	19.526	19.561	19.008	19.047	42032	0	1
2022.08.22	19.010	19.140	18.702	18.968	66910	0	3
2022.08.23	18.968	19.262	18.780	19.097	57441	0	2
2022.08.24	19.109	19.212	18.936	19.092	47202	0	0
2022.08.25	19.081	19.386	19.081	19.222	41334	0	2
2022.08.26	19.227	19.413	18.807	18.895	50103	0	3
2022.08.29	18.779	18.895	18.500	18.753	35708	0	2
2022.08.30	18.724	18.830	18.332	18.402	35889	0	3
2022.08.31	18.394	18.525	17.920	17.970	38058	0	1
2022.09.05	18.018	18.234	17.928	18.139	22957	0	0
2022.09.06	18.131	18.567	17.932	17.990	36858	0	0
2022.09.07	17.986	18.457	17.830	18.437	38317	0	3
2022.09.08	18.425	18.721	18.304	18.515	34105	0	1
2022.09.09	18.505	18.931	18.502	18.806	29039	0	3
2022.09.12	18.831	19.995	18.828	19.772	30787	0	0
2022.09.13	19.773	19.928	19.305	19.307	36341	0	2
2022.09.14	19.314	19.684	19.222	19.610	38440	0	0
2022.09.15	19.597	19.658	19.093	19.154	33507	0	3
2022.09.16	19.127	19.606	18.764	19.551	30133	0	1
2022.09.19	19.507	19.644	19.201	19.533	28303	0	2
2022.09.20	19.526	19.561	19.047	19.256	28169	0	2
2022.09.21	19.252	19.900	19.218	19.546	42167	0	2
2022.09.22	19.557	19.841	19.229	19.608	44046	0	4
2022.09.23	19.589	19.694	18.756	18.863	39453	0	3
2022.09.26	18.862	19.013	18.308	18.327	56650	0	2
2022.09.27	18.319	18.767	18.303	18.363	42669	0	2
2022.09.28	18.349	18.957	17.948	18.867	48831	0	1
2022.09.29	18.860	18.891	18.476	18.796	38962	0	3
2022.09.30	18.791	19.283	18.760	19.018	35572	0	0
2022.10.03	19.002	20.707	18.982	20.680	34653	0	1
2022.10.04	20.649	21.222	20.590	21.047	35937	0	3
2022.10.05	21.030	21.066	19.922	20.616	35635	0	4
2022.10.06	20.610	20.867	20.341	20.627	31842	0	5
2022.10.07	20.622	20.809	19.980	20.125	39419	0	2
2022.10.10	20.082	20.166	19.499	19.584	50846	0	4
2022.10.11	19.581	19.705	19.046	19.122	59805	0	2
2022.10.12	19.128	19.294	18.848	19.001	63975	0	2
2022.10.13	18.994	19.294	18.437	18.867	74483	0	3
2022.10.14	18.869	19.057	18.071	18.242	69321	0	3
2022.10.17	18.212	18.924	18.209	18.641	53264	0	3
2022.10.18	18.625	18.908	18.527	18.706	54622	0	4
2022.10.19	18.699	18.796	18.348	18.439	55297	0	1
2022.10.20	18.400	18.987	18.214	18.640	53387	0	2
2022.10.21	18.621	19.311	18.265	19.303	71293	0	4
2022.10.24	19.378	19.661	19.000	19.206	53248	0	3
2022.10.25	19.193	19.420	18.772	19.319	48409	0	2
2022.10.26	19.313	19.760	19.197	19.561	50660	0	2
2022.10.27	19.523	19.651	19.272	19.580	56295	0	3
2022.10.28	19.571	19.631	18.979	19.232	53188	0	3
2022.10.31	19.211	19.238	18.882	19.138	35466	0	1
2022.11.01	19.098	20.011	19.091	19.608	55826	0	0
2022.11.02	19.593	20.060	19.194	19.199	51493	0	1
2022.11.03	19.186	19.536	18.820	19.449	53703	0	3
2022.11.04	19.439	20.893	19.396	20.818	53432	0	1
2022.11.07	20.454	20.992	20.365	20.772	36759	0	2
2022.11.08	20.758	21.610	20.475	21.328	37067	0	0
2022.11.09	21.313	21.588	20.978	21.035	46977	0	3
2022.11.10	21.025	21.810	20.940	21.653	54676	0	1
2022.11.11	21.664	22.042	21.258	21.679	53120	0	4
2022.11.14	21.642	22.081	21.277	21.970	38188	0	1
2022.11.15	21.955	22.231	21.367	21.537	56756	0	3
2022.11.16	21.545	22.030	21.379	21.447	47720	0	0
2022.11.17	21.449	21.461	20.734	20.932	43103	0	4
2022.11.18	20.945	21.276	20.822	20.900	36150	0	2
2022.11.21	20.918	20.996	20.564	20.823	41066	0	3
2022.11.22	20.792	21.319	20.792	21.062	38013	0	3
2022.11.23	21.055	21.588	20.893	21.504	39290	0	3
2022.11.24	21.502	21.661	21.441	21.469	23078	0	2
2022.11.25	21.469	21.537	21.139	21.411	23467	0	0
2022.11.28	21.357	21.602	20.849	20.904	38476	0	0
2022.11.29	20.887	21.432	20.883	21.234	37979	0	1
2022.11.30	21.211	22.186	21.179	22.162	41850	0	3
2022.12.01	22.135	22.776	22.028	22.720	38808	0	1
2022.12.02	22.713	23.220	22.262	23.130	39163	0	1
2022.12.05	23.106	23.504	22.149	22.231	52805	0	0
2022.12.06	22.216	22.588	22.002	22.169	45376	0	2
2022.12.07	22.131	22.799	22.072	22.698	49149	0	2
2022.12.08	22.683	23.204	22.529	23.040	38177	0	2
2022.12.09	23.041	23.663	22.937	23.480	41075	0	3
2022.12.12	23.411	23.516	23.092	23.292	44140	0	2
2022.12.13	23.276	24.108	23.272	23.710	50492	0	5
2022.12.14	23.705	24.029	23.359	23.909	46182	0	3
2022.12.15	23.900	23.936	22.943	23.068	59834	0	3
2022.12.16	23.050	23.236	22.538	23.203	51011	0	3
2022.12.19	23.125	23.391	22.819	22.966	39081	0	1
2022.12.20	22.949	24.231	22.862	24.122	52712	0	2
2022.12.21	24.122	24.279	23.812	23.945	39445	0	3
2022.12.22	23.947	24.071	23.361	23.548	43394	0	3
2022.12.23	23.520	23.880	23.496	23.704	35448	0	5
2022.12.27	23.865	24.267	23.771	24.028	36189	0	1
2022.12.28	23.996	24.052	23.444	23.519	34588	0	3
2022.12.29	23.515	24.043	23.503	23.871	33912	0	0
2022.12.30	23.861	24.134	23.501	23.931	37373	0	0
2023.01.03	24.013	24.530	23.866	23.984	52149	0	0
2023.01.04	23.943	24.443	23.564	23.730	56136	0	7
2023.01.05	23.703	23.899	23.102	23.213	47079	0	3
2023.01.06	23.189	23.894	23.182	23.814	42547	0	4
2023.01.09	23.796	24.083	23.564	23.637	44057	0	6
2023.01.10	23.616	23.752	23.410	23.577	39997	0	5
2023.01.11	23.558	24.023	23.197	23.392	41463	0	5
2023.01.12	23.361	24.166	23.354	23.747	48647	0	0
2023.01.13	23.738	24.286	23.477	24.252	42479	0	3
2023.01.16	24.236	24.492	23.912	24.243	27391	0	3
2023.01.17	24.249	24.353	23.814	23.906	45314	0	4
2023.01.18	23.889	24.326	23.406	23.439	52537	0	5
2023.01.19	23.446	23.918	23.150	23.811	48872	0	4
2023.01.20	23.812	24.059	23.685	23.945	41672	0	6
2023.01.23	23.875	24.152	22.739	23.435	40944	0	3
2023.01.24	23.420	23.722	23.193	23.647	38538	0	6
2023.01.25	23.619	23.923	23.316	23.884	35329	0	7
2023.01.26	23.885	24.274	23.581	23.897	39649	0	5
2023.01.27	23.881	23.985	23.280	23.586	36899	0	4
2023.01.30	23.565	23.789	23.523	23.583	39640	0	3
2023.01.31	23.566	23.747	22.954	23.701	43535	0	3
2023.02.01	23.691	24.018	23.339	23.945	45522	0	6
2023.02.02	23.929	24.617	23.401	23.441	59187	0	6
2023.02.03	23.410	23.587	22.272	22.350	58913	0	8
2023.02.06	22.240	22.594	22.129	22.245	46803	0	9
2023.02.07	22.238	22.441	22.027	22.149	59705	0	3
2023.02.08	22.156	22.517	22.154	22.292	46969	0	6
2023.02.09	22.283	22.573	21.894	21.957	50224	0	6
2023.02.10	21.949	22.286	21.813	22.010	55237	0	7
2023.02.13	21.963	22.064	21.776	21.970	44145	0	4
2023.02.14	21.958	22.022	21.585	21.842	61926	0	6
2023.02.15	21.844	21.872	21.409	21.602	50664	0	7
2023.02.16	21.611	21.797	21.414	21.555	57846	0	5
2023.02.17	21.550	21.790	21.159	21.715	51662	0	7
2023.02.20	21.623	21.890	21.535	21.780	25789	0	4
2023.02.21	21.786	21.958	21.628	21.817	39878	0	6
2023.02.22	21.803	21.965	21.427	21.496	43878	0	6
2023.02.23	21.478	21.662	21.246	21.290	45113	0	5
2023.02.24	21.288	21.384	20.719	20.756	44563	0	1
2023.02.27	20.746	20.826	20.541	20.609	44263	0	5
2023.02.28	20.581	20.995	20.401	20.872	37847	0	5
2023.03.01	20.864	21.163	20.812	20.972	44615	0	6
2023.03.02	20.972	21.005	20.656	20.878	46316	0	6
2023.03.03	20.879	21.252	20.824	21.238	38860	0	0
2023.03.06	21.199	21.290	20.962	21.032	39963	0	4
2023.03.07	21.000	21.123	20.012	20.047	48011	0	2
2023.03.08	20.057	20.207	19.895	20.008	48272	0	7
2023.03.09	19.994	20.275	19.960	20.052	41354	0	6
2023.03.10	20.039	20.774	19.882	20.494	67988	0	6
2023.03.13	20.711	21.910	20.571	21.782	88719	0	10
2023.03.14	21.750	21.958	21.484	21.670	69017	0	8
2023.03.15	21.669	22.364	21.523	21.745	69801	0	6
2023.03.16	21.732	22.074	21.449	21.664	68681	0	8
2023.03.17	21.674	22.589	21.643	22.519	54188	0	4
2023.03.20	22.576	22.698	22.203	22.504	73600	0	4
2023.03.21	22.485	22.632	22.135	22.364	45624	0	6
2023.03.22	22.345	23.057	22.252	22.973	54697	0	4
2023.03.23	22.930	23.207	22.741	23.090	58079	0	0
2023.03.24	23.091	23.508	22.949	23.248	56784	0	6
2023.03.27	23.250	23.256	22.833	23.052	42023	0	4
2023.03.28	23.031	23.371	22.808	23.305	40249	0	6
2023.03.29	23.296	23.407	23.029	23.320	38395	0	1
2023.03.30	23.279	23.910	23.219	23.892	41717	0	5
2023.03.31	23.885	24.146	23.675	24.062	43611	0	5
2023.04.03	24.079	24.173	23.551	23.961	52606	0	6
2023.04.04	23.928	25.017	23.809	24.981	45158	0	0
2023.04.05	24.950	25.121	24.624	24.925	49107	0	4
2023.04.06	24.885	24.987	24.547	24.940	42919	0	5
2023.04.10	24.762	25.057	24.703	24.849	26430	0	3
2023.04.11	24.828	25.120	24.818	25.028	29684	0	4
2023.04.12	25.001	25.653	25.001	25.473	40452	0	4
2023.04.13	25.449	25.955	25.373	25.806	38594	0	4
2023.04.14	25.797	26.069	25.136	25.366	44951	0	1
2023.04.17	25.241	25.589	24.794	25.017	34586	0	4
2023.04.18	25.011	25.303	24.911	25.165	30219	0	3
2023.04.19	25.165	25.356	24.625	25.260	40032	0	5
2023.04.20	25.240	25.477	25.039	25.265	41537	0	5
2023.04.21	25.232	25.364	24.885	25.056	41007	0	3
2023.04.24	25.039	25.217	24.768	25.138	34281	0	4
2023.04.25	25.130	25.343	24.472	24.992	43523	0	3
2023.04.26	24.990	25.211	24.709	24.863	44168	0	4
2023.04.27	24.868	25.112	24.489	24.904	38754	0	4
2023.04.28	24.884	25.054	24.709	25.016	41636	0	3
2023.05.01	25.111	25.895	24.867	24.971	37258	0	5
2023.05.02	24.957	25.470	24.562	25.354	51026	0	4
2023.05.03	25.362	25.597	25.072	25.555	53583	0	7
2023.05.04	25.574	26.051	25.423	26.025	72500	0	2
2023.05.05	25.982	26.115	25.148	25.635	53212	0	6
2023.05.08	25.633	25.730	25.490	25.529	40110	0	3
2023.05.09	25.526	25.657	25.307	25.586	34582	0	4
2023.05.10	25.559	25.905	25.206	25.362	49211	0	5
2023.05.11	25.383	25.460	24.120	24.164	58319	0	5
2023.05.12	24.159	24.192	23.721	23.954	46887	0	5
2023.05.15	23.885	24.193	23.858	24.075	35350	0	3
2023.05.16	24.057	24.091	23.615	23.720	40730	0	4
2023.05.17	23.712	23.867	23.521	23.725	37992	0	0
2023.05.18	23.722	23.773	23.311	23.466	39296	0	1
2023.05.19	23.462	24.000	23.379	23.819	46850	0	1
2023.05.22	23.807	23.912	23.588	23.606	42370	0	3
2023.05.23	23.603	23.644	23.091	23.429	45793	0	5
2023.05.24	23.427	23.517	23.008	23.040	44470	0	4
2023.05.25	23.039	23.130	22.680	22.712	48494	0	4
2023.05.26	22.697	23.318	22.663	23.291	38498	0	1
2023.05.29	23.248	23.359	23.136	23.147	22071	0	0
2023.05.30	23.130	23.321	22.907	23.171	31538	0	1
2023.05.31	23.169	23.601	23.081	23.487	38485	0	0
2023.06.01	23.479	23.906	23.259	23.858	32493	0	0
2023.06.02	23.829	24.005	23.562	23.624	43120	0	2
2023.06.05	23.550	23.673	23.232	23.547	42261	0	2
2023.06.06	23.538	23.757	23.319	23.568	37114	0	0
2023.06.07	23.560	24.040	23.388	23.414	32285	0	0
2023.06.08	23.403	24.338	23.399	24.244	28137	0	2
2023.06.09	24.231	24.511	24.176	24.258	29791	0	2
2023.06.12	24.231	24.290	23.861	24.045	38212	0	2
2023.06.13	24.031	24.387	23.580	23.650	41805	0	1
2023.06.14	23.641	24.063	23.638	23.899	41251	0	0
2023.06.15	23.867	23.930	23.201	23.871	50397	0	0
2023.06.16	23.867	24.200	23.817	24.195	37531	0	2
2023.06.19	24.120	24.180	23.871	23.933	21064	0	2
2023.06.20	23.944	24.014	23.038	23.136	40311	0	0
2023.06.21	23.136	23.168	22.473	22.633	46429	0	1
2023.06.22	22.633	22.716	22.162	22.232	44193	0	3
2023.06.23	22.223	22.667	22.094	22.400	42973	0	2
2023.06.26	22.423	22.875	22.392	22.765	33281	0	2
2023.06.27	22.753	23.080	22.733	22.830	41666	0	1
2023.06.28	22.826	22.957	22.541	22.667	32396	0	0
2023.06.29	22.656	22.878	22.262	22.551	37691	0	0
2023.06.30	22.551	22.840	22.328	22.738	31672	0	0
2023.07.03	22.736	23.053	22.687	22.869	26276	0	0
2023.07.04	22.854	23.057	22.837	22.935	15350	0	0
2023.07.05	22.919	23.292	22.751	23.105	28925	0	0
2023.07.06	23.097	23.249	22.505	22.690	32482	0	0
2023.07.07	22.669	23.135	22.596	23.053	32414	0	0
2023.07.10	23.036	23.150	22.731	23.115	26408	0	0
2023.07.11	23.113	23.370	23.002	23.098	26373	0	0
2023.07.12	23.097	24.139	23.094	24.090	32053	0	0
2023.07.13	24.063	24.876	24.063	24.848	33943	0	0
2023.07.14	24.846	25.013	24.660	24.896	36715	0	0
2023.07.17	24.855	24.938	24.583	24.820	29863	0	0
2023.07.18	24.791	25.157	24.748	25.032	35816	0	0
2023.07.19	25.023	25.221	24.925	25.119	28061	0	0
2023.07.20	25.116	25.264	24.693	24.735	33787	0	0
2023.07.21	24.730	24.901	24.571	24.586	29259	0	0
2023.07.24	24.586	24.712	24.245	24.320	30458	0	0
2023.07.25	24.319	24.717	24.274	24.659	29228	0	0
2023.07.26	24.653	25.020	24.498	24.900	33284	0	0
2023.07.27	24.885	25.127	24.026	24.111	39194	0	0
2023.07.28	24.095	24.395	24.089	24.334	33923	0	0
2023.07.31	24.323	24.837	24.179	24.725	26822	0	0
2023.08.01	24.706	24.760	24.112	24.276	29389	0	0
2023.08.02	24.285	24.472	23.622	23.691	32916	0	0
2023.08.03	23.695	23.828	23.364	23.542	31616	0	0
2023.08.04	23.536	23.776	23.236	23.623	32064	0	0
2023.08.07	23.595	23.678	23.055	23.112	22072	0	0
2023.08.08	23.103	23.184	22.650	22.753	28223	0	0
2023.08.09	22.720	22.939	22.601	22.645	24622	0	0
2023.08.10	22.646	22.984	22.609	22.681	32298	0	0
2023.08.11	22.669	22.824	22.556	22.669	24621	0	0
2023.08.14	22.632	22.751	22.349	22.569	23212	0	0
2023.08.15	22.557	22.694	22.202	22.508	32095	0	0
2023.08.16	22.484	22.770	22.386	22.401	28355	0	0
2023.08.17	22.405	22.994	22.327	22.665	34430	0	0
2023.08.18	22.658	22.878	22.617	22.720	27224	0	0
2023.08.21	22.704	23.314	22.649	23.296	30792	0	0
2023.08.22	23.279	23.450	23.184	23.384	30805	0	0
2023.08.23	23.385	24.352	23.385	24.288	32268	0	0
2023.08.24	24.292	24.347	24.036	24.095	30323	0	0
2023.08.25	24.105	24.366	23.901	24.198	36036	0	0
2023.08.28	24.203	24.339	24.031	24.209	26228	0	0
2023.08.29	24.198	24.778	24.154	24.696	31367	0	0
2023.08.30	24.704	24.995	24.513	24.589	31505	0	0
2023.08.31	24.588	24.673	24.355	24.422	28167	0	0
2023.09.01	24.395	24.806	24.136	24.156	35374	0	0
2023.09.04	24.179	24.287	23.942	23.961	17898	0	0
2023.09.05	23.963	24.003	23.461	23.518	34082	0	0
2023.09.06	23.503	23.579	22.986	23.142	31270	0	0
2023.09.07	23.161	23.181	22.817	22.948	26038	0	0
2023.09.08	22.927	23.155	22.837	22.928	25637	0	0
2023.09.11	22.877	23.208	22.876	23.062	28589	0	0
2023.09.12	23.043	23.180	22.816	23.049	23171	0	0
2023.09.13	23.030	23.077	22.723	22.812	31620	0	0
2023.09.14	22.805	22.959	22.279	22.629	38844	0	0
2023.09.15	22.600	23.273	22.600	22.999	36228	0	0
2023.09.18	23.011	23.257	22.943	23.231	28188	0	0
2023.09.19	23.221	23.404	23.078	23.169	23146	0	0
2023.09.20	23.162	23.582	23.035	23.213	31686	0	0
2023.09.21	23.213	23.461	22.794	23.367	34621	0	14
2023.09.22	23.364	23.755	23.357	23.533	24505	0	18
2023.09.25	23.495	23.629	23.020	23.097	24673	0	15
2023.09.26	23.100	23.130	22.822	22.822	24380	0	14
2023.09.27	22.823	22.859	22.388	22.522	29440	0	18
2023.09.28	22.500	22.717	22.378	22.590	32737	0	18
2023.09.29	22.594	23.541	22.095	22.165	37378	0	15
2023.10.02	22.133	22.169	21.010	21.012	40195	0	17
2023.10.03	21.065	21.378	20.668	21.125	46345	0	16
2023.10.04	21.149	21.379	20.671	20.987	41661	0	18
2023.10.05	20.993	21.290	20.694	20.952	29971	0	15
2023.10.06	20.953	21.606	20.785	21.560	39409	0	17
2023.10.09	21.726	21.995	21.556	21.859	34779	0	18
2023.10.10	21.845	21.940	21.616	21.818	27681	0	18
2023.10.11	21.819	22.109	21.781	21.995	27486	0	16
2023.10.12	22.003	22.223	21.735	21.797	27479	0	15
2023.10.13	21.803	22.800	21.787	22.642	34389	0	15
2023.10.16	22.684	22.717	22.457	22.583	26918	0	18
2023.10.17	22.584	22.989	22.352	22.772	27896	0	16
2023.10.18	22.775	23.303	22.663	22.822	34253	0	15
2023.10.19	22.820	23.067	22.622	23.020	37498	0	18
2023.10.20	23.007	23.681	22.854	23.340	36885	0	16
2023.10.23	22.935	23.315	22.900	22.951	30795	0	18
2023.10.24	22.914	23.189	22.642	22.893	29809	0	18
2023.10.25	22.885	23.006	22.532	22.833	28142	0	16
2023.10.26	22.808	23.122	22.427	22.763	31800	0	17
2023.10.27	22.774	23.107	22.644	23.081	27291	0	18
2023.10.30	23.033	23.589	22.996	23.289	28453	0	14
2023.10.31	23.280	23.308	22.717	22.828	31024	0	16
2023.11.01	22.813	22.994	22.520	22.915	33929	0	15
2023.11.02	22.902	23.107	22.636	22.738	27534	0	15
2023.11.03	22.736	23.288	22.574	23.183	34049	0	18
2023.11.06	23.184	23.240	22.973	23.011	24798	0	15
2023.11.07	23.012	23.064	22.409	22.598	28880	0	15
2023.11.08	22.594	22.828	22.283	22.517	25618	0	17
2023.11.09	22.495	22.973	22.344	22.617	30528	0	15
2023.11.10	22.615	22.731	22.176	22.205	28203	0	16
2023.11.13	22.233	22.352	21.860	22.286	28288	0	16
2023.11.14	22.276	23.168	22.276	23.064	30327	0	16
2023.11.15	23.061	23.599	23.010	23.412	31480	0	15
2023.11.16	23.403	24.061	23.262	23.712	28825	0	17
2023.11.17	23.710	24.134	23.646	23.703	28885	0	14
2023.11.20	23.671	23.792	23.225	23.407	31361	0	14
2023.11.21	23.393	23.998	23.392	23.718	39446	0	18
2023.11.22	23.716	23.927	23.518	23.613	37991	0	17
2023.11.23	23.575	23.818	23.566	23.815	16478	0	18
2023.11.24	23.662	24.330	23.547	24.293	22390	0	18
2023.11.27	24.297	24.858	24.245	24.613	37505	0	18
2023.11.28	24.588	25.023	24.523	24.999	31423	0	15
2023.11.29	24.983	25.243	24.831	24.993	40775	0	18
2023.11.30	24.984	25.271	24.911	25.245	32844	0	18
2023.12.01	25.259	25.504	25.070	25.440	38553	0	17
2023.12.04	25.399	25.900	24.398	24.478	61328	0	17
2023.12.05	24.479	24.626	23.947	24.134	39031	0	17
2023.12.06	24.126	24.339	23.855	23.874	31887	0	17
2023.12.07	23.857	24.012	23.563	23.781	34489	0	17
2023.12.08	23.782	23.881	22.924	22.993	41248	0	16
2023.12.11	22.991	23.084	22.704	22.793	31625	0	17
2023.12.12	22.782	23.132	22.672	22.741	27746	0	14
2023.12.13	22.737	23.792	22.491	23.789	34177	0	17
2023.12.14	23.767	24.199	23.723	24.146	48275	0	17
2023.12.15	24.162	24.273	23.737	23.822	34275	0	7
2023.12.18	23.801	24.037	23.643	23.771	31022	0	7
2023.12.19	23.768	24.153	23.748	24.018	27774	0	7
2023.12.20	24.028	24.421	23.935	24.105	27548	0	7
2023.12.21	24.114	24.468	24.096	24.383	33078	0	6
2023.12.22	24.377	24.588	24.073	24.158	28167	0	7
2023.12.26	24.161	24.399	24.042	24.202	19506	0	7
2023.12.27	24.184	24.439	23.930	24.242	26545	0	7
2023.12.28	24.241	24.471	23.930	23.952	24333	0	7
2023.12.29	23.945	23.972	23.519	23.764	24245	0	7
2024.01.02	23.797	24.091	23.623	23.629	32018	0	6
2024.01.03	23.618	23.720	22.820	22.959	36379	0	7
2024.01.04	22.957	23.053	22.670	22.981	26919	0	7
2024.01.05	22.980	23.498	22.756	23.161	41764	0	7
2024.01.08	23.099	23.203	22.822	23.079	30711	0	7
2024.01.09	23.081	23.358	22.877	22.945	29408	0	7
2024.01.10	22.948	23.098	22.757	22.864	27342	0	7
2024.01.11	22.852	23.134	22.457	22.725	42571	0	7
2024.01.12	22.717	23.513	22.717	23.160	38952	0	7
2024.01.15	23.110	23.322	23.093	23.189	16481	0	7
2024.01.16	23.200	23.220	22.841	22.895	40986	0	7
2024.01.17	22.901	22.930	22.489	22.528	36298	0	6
2024.01.18	22.514	22.757	22.398	22.705	34018	0	7
2024.01.19	22.704	22.829	22.446	22.588	30534	0	5
2024.01.22	22.575	22.643	21.908	22.068	34519	0	6
2024.01.23	22.062	22.454	22.039	22.410	29761	0	5
2024.01.24	22.406	22.942	22.322	22.639	33300	0	7
2024.01.25	22.624	23.007	22.624	22.890	38663	0	7
2024.01.26	22.868	22.980	22.683	22.781	25882	0	7
2024.01.29	22.878	23.203	22.750	23.166	27283	0	6
2024.01.30	23.170	23.286	22.921	23.134	25334	0	7
2024.01.31	23.131	23.307	22.760	22.904	35041	0	7
2024.02.01	22.906	23.236	22.493	23.154	45692	0	7
2024.02.02	23.154	23.237	22.382	22.654	36770	0	5
2024.02.05	22.703	22.707	22.225	22.322	33762	0	6
2024.02.06	22.305	22.476	22.242	22.405	31102	0	7
2024.02.07	22.395	22.431	22.176	22.184	27293	0	5
2024.02.08	22.165	22.617	22.125	22.555	26411	0	6
2024.02.09	22.552	22.702	22.344	22.594	25988	0	7
2024.02.12	22.532	23.056	22.499	22.660	24397	0	4
2024.02.13	22.641	22.928	21.969	22.098	34294	0	6
2024.02.14	22.103	22.441	21.915	22.343	27126	0	7
2024.02.15	22.322	23.020	22.322	22.905	28835	0	7
2024.02.16	22.903	23.498	22.770	23.397	29774	0	7
2024.02.19	23.362	23.433	22.918	22.941	19131	0	5
2024.02.20	22.958	23.172	22.899	22.969	25934	0	7
2024.02.21	22.957	23.172	22.736	22.862	26824	0	7
2024.02.22	22.872	23.145	22.720	22.722	27861	0	9
2024.02.23	22.704	22.991	22.543	22.924	25581	0	9
2024.02.26	22.919	22.919	22.428	22.499	25379	0	9
2024.02.27	22.490	22.704	22.409	22.430	23691	0	8
2024.02.28	22.428	22.504	22.256	22.441	21243	0	5
2024.02.29	22.434	22.772	22.293	22.642	22022	0	6
2024.03.01	22.630	23.257	22.491	23.143	25487	0	5
2024.03.04	23.086	23.938	23.002	23.875	29282	0	7
2024.03.05	23.860	24.210	23.607	23.650	33779	0	7
2024.03.06	23.649	24.295	23.553	24.147	32784	0	9
2024.03.07	24.137	24.491	23.989	24.307	33655	0	9
2024.03.08	24.298	24.614	24.157	24.290	39863	0	7
2024.03.11	24.328	24.512	24.221	24.450	25428	0	9
2024.03.12	24.442	24.666	23.990	24.115	33157	0	8
2024.03.13	24.098	25.021	24.051	24.985	32569	0	16
2024.03.14	24.979	25.138	24.719	24.788	30318	0	14
2024.03.15	24.784	25.432	24.773	25.178	31061	0	17
2024.03.18	25.124	25.311	24.926	25.022	26260	0	17
2024.03.19	25.026	25.141	24.711	24.890	28106	0	15
2024.03.20	24.880	25.622	24.727	25.559	32801	0	17
2024.03.21	25.550	25.757	24.626	24.723	39758	0	16
2024.03.22	24.723	24.930	24.388	24.655	29233	0	16
2024.03.25	24.631	24.871	24.538	24.653	24686	0	17
2024.03.26	24.631	24.876	24.351	24.430	29239	0	17
2024.03.27	24.412	24.643	24.307	24.623	24903	0	16
2024.03.28	24.612	24.990	24.372	24.956	33856	0	17
2024.04.01	24.934	25.368	24.726	25.067	35516	0	16
2024.04.02	25.076	26.158	25.050	26.112	38349	0	17
2024.04.03	26.130	27.160	26.092	27.159	43064	0	13
2024.04.04	27.141	27.315	26.661	26.884	36683	0	16
2024.04.05	26.914	27.476	26.267	27.421	48818	0	18
2024.04.08	27.411	28.067	26.841	27.828	60171	0	17
2024.04.09	27.815	28.306	27.600	28.133	58121	0	17
2024.04.10	28.129	28.506	27.514	27.922	64419	0	13
2024.04.11	27.917	28.486	27.732	28.418	56607	0	16
2024.04.12	28.422	29.778	27.904	27.935	82749	0	19
2024.04.15	28.118	28.875	27.568	28.845	78946	0	16
2024.04.16	28.833	29.006	27.933	28.072	70962	0	18
2024.04.17	28.082	28.787	28.050	28.193	62658	0	16
2024.04.18	28.199	28.641	28.118	28.216	57894	0	17
2024.04.19	28.220	28.921	28.047	28.657	69233	0	17
2024.04.22	28.651	28.698	27.092	27.168	59100	0	18
2024.04.23	27.148	27.363	26.648	27.280	64937	0	17
2024.04.24	27.272	27.470	27.015	27.133	47075	0	17
2024.04.25	27.144	27.556	26.961	27.410	54906	0	17
2024.04.26	27.413	27.720	27.067	27.174	52406	0	14
2024.04.29	27.167	27.422	26.924	27.121	47866	0	16
2024.04.30	27.133	27.133	26.224	26.278	51875	0	16
2024.05.01	26.291	26.952	26.219	26.629	58359	0	17
2024.05.02	26.645	26.802	26.000	26.653	43281	0	16
2024.05.03	26.662	26.862	26.102	26.548	47404	0	15
2024.05.06	26.538	27.467	26.413	27.422	43234	0	17
2024.05.07	27.433	27.505	27.139	27.214	36358	0	16
2024.05.08	27.203	27.462	26.993	27.305	34850	0	15
2024.05.09	27.296	28.323	27.267	28.315	39436	0	16
2024.05.10	28.308	28.749	28.022	28.149	49133	0	16
2024.05.13	28.172	28.370	27.947	28.171	41932	0	16
2024.05.14	28.164	28.728	28.078	28.585	47393	0	14
2024.05.15	28.576	29.721	28.418	29.639	56653	0	16
2024.05.16	29.626	29.829	29.313	29.556	53939	0	18
2024.05.17	29.568	31.578	29.440	31.425	59024	0	19
2024.05.20	31.496	32.493	30.929	31.801	78294	0	19
2024.05.21	31.807	32.486	31.057	31.960	64054	0	19
2024.05.22	31.966	32.185	30.738	30.759	68788	0	19
2024.05.23	30.767	30.968	30.049	30.110	73656	0	17
2024.05.24	30.102	30.604	30.024	30.334	49629	0	19
2024.05.27	30.346	31.835	30.327	31.594	41600	0	20
2024.05.28	31.593	32.230	31.227	32.069	64738	0	19
2024.05.29	32.074	32.285	31.587	31.928	63945	0	19
2024.05.30	31.919	32.079	30.990	31.123	71662	0	15
2024.05.31	31.154	31.754	30.172	30.381	76543	0	19
2024.06.03	30.400	30.788	29.760	30.688	68526	0	19
2024.06.04	30.714	30.869	29.358	29.461	73748	0	15
2024.06.05	29.469	30.029	29.373	29.971	58038	0	18
2024.06.06	29.997	31.327	29.949	31.287	61609	0	14
2024.06.07	31.289	31.532	29.105	29.127	77716	0	14
2024.06.10	29.191	29.802	29.110	29.709	43927	0	14
2024.06.11	29.776	29.845	29.013	29.247	55452	0	19
2024.06.12	29.257	30.241	29.164	29.699	69165	0	19
2024.06.13	29.721	29.721	28.636	28.941	64381	0	16
2024.06.14	28.927	29.569	28.811	29.528	59134	0	19
2024.06.17	29.529	29.548	29.007	29.436	46866	0	18
2024.06.18	29.443	29.658	28.907	29.509	52555	0	16
2024.06.19	29.518	29.771	29.324	29.703	31541	0	19
2024.06.20	29.718	30.781	29.698	30.706	56671	0	13
2024.06.21	30.715	30.833	29.450	29.516	60019	0	13
2024.06.24	29.501	29.710	29.326	29.549	44174	0	13
2024.06.25	29.550	29.644	28.825	28.882	46580	0	11
2024.06.26	28.886	29.056	28.554	28.737	49677	0	13
2024.06.27	28.746	29.249	28.662	28.972	51800	0	12
2024.06.28	28.967	29.622	28.764	29.133	58398	0	13
2024.07.01	29.154	29.476	28.952	29.436	53263	0	13
2024.07.02	29.445	29.818	29.195	29.507	52693	0	13
2024.07.03	29.497	30.669	29.469	30.485	60236	0	13
2024.07.04	30.435	30.583	30.199	30.395	30715	0	13
2024.07.05	30.393	31.487	30.091	31.209	74365	0	13
2024.07.08	31.114	31.365	30.425	30.757	60029	0	13
2024.07.09	30.760	31.145	30.506	30.784	64770	0	13
2024.07.10	30.782	31.159	30.646	30.806	54846	0	13
2024.07.11	30.808	31.750	30.803	31.442	70811	0	13
2024.07.12	31.438	31.438	30.378	30.777	73156	0	13
2024.07.15	30.728	31.089	30.520	30.669	65710	0	13
2024.07.16	30.672	31.400	30.481	31.235	65684	0	13
2024.07.17	31.225	31.422	30.039	30.285	83692	0	13
2024.07.18	30.260	30.592	29.740	29.814	68320	0	13
2024.07.19	29.791	29.833	28.866	29.207	77195	0	13
2024.07.22	29.164	29.427	28.742	29.121	65545	0	13
2024.07.23	29.124	29.296	28.663	29.225	61327	0	13
2024.07.24	29.229	29.448	28.880	28.898	64908	0	13
2024.07.25	28.854	28.911	27.415	27.837	105126	0	13
2024.07.26	27.836	28.071	27.583	27.917	66142	0	13
2024.07.29	27.866	28.187	27.301	27.844	66467	0	13
2024.07.30	27.839	28.407	27.622	28.371	67479	0	13
2024.07.31	28.368	29.030	28.234	28.997	80609	0	13
2024.08.01	29.014	29.152	28.212	28.513	87058	0	13
2024.08.02	28.528	29.220	27.940	28.542	112572	0	13
2024.08.05	28.620	28.669	26.500	27.256	157631	0	13
2024.08.06	27.212	27.561	26.593	26.973	97712	0	13
2024.08.07	26.967	27.265	26.566	26.598	76172	0	13
2024.08.08	26.527	27.603	26.406	27.536	77938	0	13
2024.08.09	27.546	27.756	27.252	27.446	66061	0	13
2024.08.12	27.412	28.033	27.214	27.956	56783	0	13
2024.08.13	27.950	28.047	27.449	27.840	54428	0	13
2024.08.14	27.850	28.032	27.173	27.550	69289	0	13
2024.08.15	27.537	28.513	27.474	28.346	69728	0	13
2024.08.16	28.339	29.002	28.038	29.001	66547	0	13
2024.08.19	29.012	29.477	28.718	29.439	65313	0	13
2024.08.20	29.430	29.964	29.199	29.428	67429	0	13
2024.08.21	29.413	29.732	29.188	29.595	61878	0	13
2024.08.22	29.593	29.678	28.779	28.976	69862	0	13
2024.08.23	28.983	29.882	28.936	29.826	72198	0	13
2024.08.26	29.797	30.186	29.646	29.890	63076	0	13
2024.08.27	29.886	30.088	29.696	29.963	57374	0	13
2024.08.28	29.955	30.095	29.071	29.116	60202	0	13
2024.08.29	29.091	29.678	29.091	29.407	62126	0	13
2024.08.30	29.400	29.584	28.684	28.845	68724	0	13
2024.09.02	28.826	28.968	28.322	28.524	38409	0	13
2024.09.03	28.549	28.564	27.704	28.037	70505	0	13
2024.09.04	28.044	28.352	27.768	28.264	61588	0	13
2024.09.05	28.269	29.178	28.202	28.813	67965	0	13
2024.09.06	28.805	29.112	27.682	27.926	93646	0	13
2024.09.09	27.901	28.358	27.697	28.337	61253	0	13
2024.09.10	28.329	28.549	28.027	28.395	60772	0	13
2024.09.11	28.379	28.869	28.064	28.669	77862	0	13
2024.09.12	28.667	29.907	28.525	29.862	78864	0	13
2024.09.13	29.864	30.917	29.843	30.707	71324	0	13
2024.09.16	30.720	31.093	30.588	30.715	52442	0	13
2024.09.17	30.715	30.987	30.507	30.684	56850	0	13
2024.09.18	30.690	31.230	29.700	30.059	91476	0	13
2024.09.19	30.094	31.292	29.904	30.772	99502	0	13
2024.09.20	30.734	31.430	30.726	31.161	81380	0	13
2024.09.23	31.197	31.211	30.353	30.686	74779	0	13
2024.09.24	30.699	32.260	30.644	32.087	91478	0	13
2024.09.25	32.098	32.278	31.561	31.799	87008	0	13
2024.09.26	31.792	32.707	31.739	32.004	99643	0	13
2024.09.27	32.003	32.290	31.352	31.612	99732	0	13
2024.09.30	31.636	31.846	30.876	31.142	85663	0	13
