<DATE>	<OPEN>	<HIGH>	<LOW>	<CLOSE>	<TICKVOL>	<VOL>	<SPREAD>
2019.12.23	1478.50	1486.09	1478.38	1485.35	100894	0	0
2019.12.24	1485.38	1500.46	1484.35	1498.67	86384	0	0
2019.12.26	1499.14	1512.55	1497.34	1510.96	127518	0	0
2019.12.27	1510.93	1515.27	1507.31	1510.64	140105	0	0
2019.12.30	1511.55	1516.08	1510.75	1514.88	116664	0	0
2019.12.31	1514.73	1525.28	1514.70	1517.18	125759	0	0
2020.01.02	1520.08	1531.24	1517.19	1528.96	153240	0	0
2020.01.03	1528.50	1553.44	1527.96	1551.03	227173	0	0
2020.01.06	1566.65	1587.97	1560.76	1565.62	270478	0	0
2020.01.07	1565.21	1577.27	1555.29	1574.12	239292	0	0
2020.01.08	1574.26	1611.34	1552.23	1556.19	345342	0	0
2020.01.09	1554.94	1561.31	1540.19	1552.22	215162	0	0
2020.01.10	1552.81	1563.14	1545.70	1562.74	165363	0	0
2020.01.13	1559.89	1560.60	1546.49	1547.74	137230	0	0
2020.01.14	1548.53	1548.83	1535.89	1546.22	181418	0	0
2020.01.15	1546.49	1558.13	1546.35	1556.15	162655	0	0
2020.01.16	1555.65	1558.05	1548.00	1552.24	132732	0	0
2020.01.17	1552.18	1561.22	1549.37	1556.74	131675	0	0
2020.01.20	1558.35	1562.74	1556.32	1560.65	67072	0	0
2020.01.21	1560.77	1568.58	1546.29	1558.05	180469	0	0
2020.01.22	1559.09	1559.23	1550.16	1558.68	132621	0	0
2020.01.23	1558.85	1567.92	1551.90	1562.76	180969	0	0
2020.01.24	1563.18	1575.84	1556.52	1570.62	164265	0	0
2020.01.27	1580.80	1588.60	1575.83	1581.81	237712	0	0
2020.01.28	1581.48	1583.01	1565.50	1567.01	193250	0	0
2020.01.29	1566.57	1577.97	1563.33	1576.79	161662	0	0
2020.01.30	1575.68	1585.94	1572.30	1574.13	231688	0	0
2020.01.31	1574.40	1590.01	1570.91	1589.77	222126	0	0
2020.02.03	1589.55	1592.00	1569.72	1576.69	225222	0	0
2020.02.04	1578.83	1579.61	1549.01	1552.78	195592	0	0
2020.02.05	1553.10	1562.35	1547.44	1555.87	217852	0	0
2020.02.06	1555.82	1568.24	1552.47	1566.57	184665	0	0
2020.02.07	1566.08	1574.01	1560.48	1570.21	193713	0	0
2020.02.10	1572.28	1576.96	1567.93	1572.05	178598	0	0
2020.02.11	1572.17	1574.00	1562.09	1567.62	162506	0	0
2020.02.12	1567.50	1570.43	1561.84	1565.88	145065	0	0
2020.02.13	1566.20	1578.24	1565.52	1575.84	187011	0	0
2020.02.14	1576.12	1584.97	1573.01	1584.49	145189	0	0
2020.02.17	1580.93	1583.72	1578.84	1579.23	67905	0	0
2020.02.18	1583.53	1605.06	1582.92	1601.38	172974	0	0
2020.02.19	1601.29	1612.89	1599.47	1611.59	183603	0	0
2020.02.20	1610.69	1623.67	1603.85	1619.50	253584	0	0
2020.02.21	1620.00	1649.20	1618.93	1643.50	278295	0	0
2020.02.24	1657.42	1689.28	1650.83	1659.13	369737	0	0
2020.02.25	1657.97	1660.82	1625.22	1634.49	397638	0	0
2020.02.26	1637.04	1654.95	1624.90	1640.62	352607	0	0
2020.02.27	1640.80	1660.25	1635.25	1644.42	369176	0	0
2020.02.28	1642.64	1649.43	1562.86	1585.13	391270	0	0
2020.03.02	1589.10	1610.97	1575.34	1589.44	391243	0	0
2020.03.03	1587.43	1649.21	1587.40	1640.35	316582	0	0
2020.03.04	1638.20	1652.59	1631.84	1636.70	282769	0	0
2020.03.05	1637.68	1674.55	1634.92	1671.86	285703	0	0
2020.03.06	1671.98	1692.09	1642.43	1673.84	353868	0	0
2020.03.09	1692.96	1703.23	1657.32	1680.01	275465	0	0
2020.03.10	1679.11	1680.38	1641.69	1649.18	366754	0	0
2020.03.11	1649.70	1671.20	1632.97	1634.84	315593	0	0
2020.03.12	1636.88	1650.30	1560.65	1576.34	325762	0	0
2020.03.13	1576.06	1597.92	1504.54	1529.26	308020	0	0
2020.03.16	1556.39	1575.29	1451.16	1513.44	332343	0	0
2020.03.17	1503.19	1553.95	1465.51	1528.56	307013	0	0
2020.03.18	1528.17	1546.23	1472.81	1486.39	283254	0	0
2020.03.19	1486.26	1500.69	1464.10	1471.78	255500	0	0
2020.03.20	1470.63	1515.90	1454.90	1497.20	267890	0	0
2020.03.23	1507.88	1561.13	1482.33	1553.61	274239	0	0
2020.03.24	1553.26	1632.89	1553.23	1628.46	82512	0	0
2020.03.25	1630.33	1638.97	1595.58	1616.22	64984	0	0
2020.03.26	1614.12	1644.56	1595.22	1628.27	68543	0	0
2020.03.27	1634.54	1635.28	1613.71	1619.20	101906	0	0
2020.03.30	1625.90	1632.95	1610.61	1621.98	85623	0	0
2020.03.31	1621.02	1622.58	1574.30	1576.38	130584	0	0
2020.04.01	1577.80	1599.85	1568.31	1590.29	125683	0	0
2020.04.02	1589.15	1619.76	1582.94	1611.87	150928	0	0
2020.04.03	1615.84	1625.27	1605.80	1619.62	119702	0	0
2020.04.06	1618.72	1668.66	1608.70	1659.50	124970	0	0
2020.04.07	1661.98	1673.95	1642.32	1646.96	121418	0	0
2020.04.08	1645.17	1656.47	1640.98	1644.93	117220	0	0
2020.04.09	1643.41	1690.20	1642.89	1682.82	157694	0	0
2020.04.13	1681.48	1722.52	1674.46	1714.15	130903	0	0
2020.04.14	1713.55	1747.71	1708.69	1726.60	197650	0	0
2020.04.15	1727.55	1731.13	1707.51	1716.23	160477	0	0
2020.04.16	1716.51	1738.69	1707.87	1716.59	202871	0	0
2020.04.17	1714.47	1718.57	1679.42	1683.84	205947	0	0
2020.04.20	1681.14	1702.31	1671.50	1694.63	184276	0	0
2020.04.21	1693.79	1697.83	1659.38	1685.87	179188	0	0
2020.04.22	1686.23	1718.61	1680.30	1713.59	193594	0	0
2020.04.23	1713.08	1738.61	1707.07	1729.77	205238	0	0
2020.04.24	1730.15	1736.21	1710.36	1726.70	185608	0	0
2020.04.27	1725.09	1727.24	1706.04	1713.66	206855	0	0
2020.04.28	1713.54	1716.06	1691.67	1708.00	250145	0	0
2020.04.29	1708.18	1717.29	1697.85	1712.55	211464	0	0
2020.04.30	1711.49	1721.69	1681.34	1686.57	209874	0	0
2020.05.01	1685.51	1705.52	1670.35	1699.76	259725	0	0
2020.05.04	1698.26	1713.42	1691.57	1700.75	148566	0	0
2020.05.05	1701.88	1711.60	1690.25	1705.37	149929	0	0
2020.05.06	1705.52	1708.15	1682.07	1685.12	156286	0	0
2020.05.07	1684.64	1721.97	1684.25	1715.91	174924	0	0
2020.05.08	1715.12	1723.28	1701.63	1704.02	184448	0	0
2020.05.11	1702.58	1712.11	1692.00	1697.50	179004	0	0
2020.05.12	1696.94	1710.94	1693.70	1702.32	168431	0	0
2020.05.13	1702.97	1717.99	1699.02	1716.06	207963	0	0
2020.05.14	1716.52	1736.40	1710.82	1730.01	192024	0	0
2020.05.15	1730.21	1751.56	1728.86	1744.22	212519	0	0
2020.05.18	1745.35	1765.19	1727.47	1732.84	214434	0	0
2020.05.19	1732.30	1747.79	1725.67	1744.47	219775	0	0
2020.05.20	1744.93	1753.80	1742.40	1748.10	195234	0	0
2020.05.21	1746.82	1748.74	1717.20	1726.94	188684	0	0
2020.05.22	1725.42	1740.13	1724.29	1735.72	154687	0	0
2020.05.25	1733.19	1733.59	1721.77	1726.44	81629	0	0
2020.05.26	1727.90	1735.43	1708.63	1710.58	167316	0	0
2020.05.27	1711.92	1715.95	1693.63	1709.16	171178	0	0
2020.05.28	1710.82	1727.46	1705.06	1717.98	168427	0	0
2020.05.29	1718.90	1737.65	1712.60	1731.44	196248	0	0
2020.06.01	1738.28	1744.58	1727.19	1739.37	190769	0	0
2020.06.02	1738.49	1745.10	1721.26	1727.57	189834	0	0
2020.06.03	1726.95	1731.94	1689.35	1699.02	211351	0	0
2020.06.04	1699.69	1721.50	1696.93	1713.74	188464	0	0
2020.06.05	1714.86	1716.17	1670.65	1684.38	207555	0	0
2020.06.08	1682.68	1700.62	1677.39	1697.92	200470	0	0
2020.06.09	1699.08	1720.78	1692.21	1714.58	201938	0	0
2020.06.10	1715.04	1739.69	1707.86	1738.50	198776	0	0
2020.06.11	1737.64	1744.60	1721.53	1727.11	209859	0	0
2020.06.12	1727.77	1742.97	1722.16	1731.65	186467	0	0
2020.06.15	1729.58	1734.06	1704.19	1724.73	203840	0	0
2020.06.16	1724.89	1732.78	1716.72	1726.30	191447	0	0
2020.06.17	1726.27	1730.25	1712.74	1726.64	153618	0	0
2020.06.18	1726.18	1737.49	1717.47	1722.61	164622	0	0
2020.06.19	1722.89	1745.23	1721.32	1741.56	151650	0	0
2020.06.22	1747.25	1763.08	1742.63	1754.08	184063	0	0
2020.06.23	1754.25	1770.92	1747.32	1767.56	181256	0	0
2020.06.24	1769.29	1779.29	1760.30	1760.30	189533	0	0
2020.06.25	1760.14	1768.82	1753.29	1763.49	162965	0	0
2020.06.26	1763.66	1771.97	1747.42	1769.84	160138	0	0
2020.06.29	1773.24	1775.03	1765.57	1772.26	162976	0	0
2020.06.30	1772.32	1786.05	1765.15	1780.38	162371	0	0
2020.07.01	1781.08	1789.08	1759.10	1770.30	166298	0	0
2020.07.02	1769.80	1779.48	1757.45	1774.86	83517	0	0
2020.07.03	1774.19	1777.03	1772.56	1773.24	41784	0	0
2020.07.06	1773.35	1786.94	1769.93	1784.37	80747	0	0
2020.07.07	1783.16	1797.30	1773.45	1795.25	83612	0	0
2020.07.08	1794.90	1818.05	1791.41	1808.80	81480	0	0
2020.07.09	1807.98	1815.88	1795.52	1803.20	91765	0	0
2020.07.10	1801.15	1810.73	1794.11	1798.72	81600	0	0
2020.07.13	1795.74	1813.36	1795.74	1802.39	90652	0	0
2020.07.14	1802.51	1810.81	1790.56	1809.11	115862	0	0
2020.07.15	1807.88	1814.90	1802.49	1810.17	79880	0	0
2020.07.16	1809.95	1813.22	1794.88	1796.83	76723	0	0
2020.07.17	1796.78	1811.96	1795.81	1809.97	62793	0	0
2020.07.20	1808.90	1820.50	1805.67	1817.35	78085	0	0
2020.07.21	1817.57	1843.41	1815.79	1841.61	93885	0	0
2020.07.22	1839.58	1871.93	1839.58	1871.45	136780	0	0
2020.07.23	1871.93	1898.31	1863.64	1887.14	142987	0	0
2020.07.24	1887.13	1906.51	1881.30	1901.59	119268	0	0
2020.07.27	1901.52	1945.57	1899.55	1941.83	152765	0	0
2020.07.28	1941.57	1981.03	1906.77	1958.80	161286	0	0
2020.07.29	1955.38	1980.84	1941.41	1970.21	117046	0	0
2020.07.30	1969.71	1971.51	1939.53	1956.19	126868	0	0
2020.07.31	1955.36	1983.22	1954.99	1973.52	130053	0	0
2020.08.03	1978.41	1984.97	1960.45	1976.79	106153	0	0
2020.08.04	1976.41	2019.88	1966.88	2019.17	111113	0	0
2020.08.05	2018.18	2055.67	2009.47	2037.50	143776	0	0
2020.08.06	2038.40	2069.62	2034.46	2062.48	133015	0	0
2020.08.07	2063.39	2075.03	2015.50	2031.65	153703	0	0
2020.08.10	2033.70	2049.84	2019.12	2027.53	124043	0	0
2020.08.11	2027.53	2029.95	1901.25	1911.86	177370	0	0
2020.08.12	1911.40	1949.26	1862.53	1916.36	173483	0	0
2020.08.13	1913.00	1966.23	1912.74	1953.32	147886	0	0
2020.08.14	1952.72	1962.12	1932.17	1944.25	131350	0	0
2020.08.17	1946.59	1990.59	1929.40	1985.07	127241	0	0
2020.08.18	1983.83	2015.63	1975.98	2001.64	139986	0	0
2020.08.19	2001.94	2006.48	1924.63	1928.86	159653	0	0
2020.08.20	1927.72	1955.27	1924.82	1946.64	157402	0	0
2020.08.21	1946.77	1955.85	1911.42	1937.28	144170	0	0
2020.08.24	1939.15	1961.78	1923.77	1928.55	122016	0	0
2020.08.25	1928.77	1937.44	1914.26	1927.71	120364	0	0
2020.08.26	1930.69	1954.76	1902.74	1953.86	120357	0	0
2020.08.27	1955.04	1976.67	1909.93	1929.12	136684	0	0
2020.08.28	1929.02	1973.76	1923.09	1964.09	132987	0	0
2020.08.31	1965.40	1976.46	1954.24	1967.47	121753	0	0
2020.09.01	1967.06	1992.35	1963.28	1970.20	128416	0	0
2020.09.02	1969.23	1973.19	1932.55	1942.85	132665	0	0
2020.09.03	1942.42	1951.05	1921.80	1929.99	133992	0	0
2020.09.04	1931.11	1947.59	1916.34	1932.56	126731	0	0
2020.09.07	1930.23	1941.25	1924.47	1928.14	65076	0	0
2020.09.08	1929.11	1940.82	1906.45	1931.42	123506	0	0
2020.09.09	1932.15	1950.80	1919.97	1946.53	102595	0	0
2020.09.10	1946.34	1966.53	1941.35	1945.82	111823	0	0
2020.09.11	1944.81	1954.71	1937.19	1941.37	104652	0	0
2020.09.14	1940.51	1962.68	1937.19	1956.22	88326	0	0
2020.09.15	1957.02	1972.10	1948.44	1953.72	96892	0	0
2020.09.16	1953.00	1973.51	1949.84	1959.26	110577	0	0
2020.09.17	1958.96	1960.88	1932.81	1943.95	127653	0	0
2020.09.18	1942.11	1959.99	1942.11	1951.00	100619	0	0
2020.09.21	1948.93	1955.52	1882.46	1912.54	140042	0	0
2020.09.22	1912.41	1919.96	1894.61	1899.74	143839	0	0
2020.09.23	1900.04	1905.26	1855.71	1863.44	166272	0	0
2020.09.24	1863.37	1877.05	1848.70	1867.73	166072	0	0
2020.09.25	1868.00	1875.12	1852.40	1861.00	139076	0	0
2020.09.28	1857.90	1882.98	1848.61	1881.31	132088	0	0
2020.09.29	1880.87	1899.09	1875.40	1897.11	126929	0	0
2020.09.30	1897.93	1902.22	1881.39	1885.62	133183	0	0
2020.10.01	1885.23	1911.84	1884.62	1905.67	128366	0	0
2020.10.02	1904.99	1916.97	1889.71	1900.14	121196	0	0
2020.10.05	1903.39	1918.73	1886.93	1913.10	107761	0	0
2020.10.06	1912.53	1920.84	1875.16	1877.63	108103	0	0
2020.10.07	1878.34	1897.98	1872.87	1887.09	112326	0	0
2020.10.08	1886.84	1900.64	1881.82	1893.25	98646	0	0
2020.10.09	1893.44	1929.55	1893.41	1929.51	101834	0	0
2020.10.12	1928.65	1933.12	1918.33	1922.31	114694	0	0
2020.10.13	1922.56	1925.36	1886.45	1890.72	129606	0	0
2020.10.14	1891.35	1912.83	1882.41	1901.02	117404	0	0
2020.10.15	1901.35	1908.82	1889.52	1908.16	126167	0	0
2020.10.16	1908.21	1913.84	1897.72	1898.65	103421	0	0
2020.10.19	1899.41	1918.34	1896.94	1903.94	109071	0	0
2020.10.20	1903.61	1914.01	1894.57	1906.20	100660	0	0
2020.10.21	1907.68	1931.38	1907.68	1924.15	107759	0	0
2020.10.22	1923.55	1925.90	1894.49	1903.75	104556	0	0
2020.10.23	1903.55	1914.09	1894.22	1902.53	90482	0	0
2020.10.26	1902.47	1908.46	1891.13	1901.88	104616	0	0
2020.10.27	1901.60	1911.26	1897.80	1907.67	84961	0	0
2020.10.28	1907.77	1910.75	1869.30	1877.03	124080	0	0
2020.10.29	1876.46	1884.90	1859.86	1867.51	120155	0	0
2020.10.30	1867.04	1889.69	1864.37	1878.48	122867	0	0
2020.11.02	1876.62	1895.86	1873.40	1895.55	109269	0	0
2020.11.03	1895.15	1910.48	1886.89	1909.38	92203	0	0
2020.11.04	1908.69	1916.33	1881.72	1902.69	158963	0	0
2020.11.05	1902.88	1952.68	1901.97	1949.10	132400	0	0
2020.11.06	1948.31	1960.25	1935.54	1951.94	123205	0	0
2020.11.09	1954.96	1965.43	1850.44	1862.40	152343	0	0
2020.11.10	1864.14	1890.31	1860.28	1877.19	135027	0	0
2020.11.11	1876.83	1884.43	1856.27	1865.37	104571	0	0
2020.11.12	1865.43	1883.79	1862.58	1876.76	104921	0	0
2020.11.13	1876.83	1896.72	1873.97	1887.27	89766	0	0
2020.11.16	1888.30	1898.93	1864.95	1888.65	103392	0	0
2020.11.17	1888.72	1893.41	1876.86	1879.25	86784	0	0
2020.11.18	1880.28	1884.81	1863.66	1871.54	86406	0	5
2020.11.19	1869.84	1873.91	1852.66	1865.36	90733	0	5
2020.11.20	1865.54	1879.73	1860.78	1871.05	76240	0	5
2020.11.23	1870.55	1876.00	1830.93	1836.86	89497	0	5
2020.11.24	1837.57	1838.97	1800.41	1806.80	119893	0	5
2020.11.25	1807.13	1817.68	1801.59	1806.86	88278	0	5
2020.11.26	1806.91	1818.25	1805.73	1808.97	48777	0	5
2020.11.27	1810.24	1813.76	1774.25	1787.52	77627	0	5
2020.11.30	1787.52	1789.92	1764.30	1776.37	106640	0	7
2020.12.01	1776.41	1817.27	1775.72	1814.66	88026	0	11
2020.12.02	1815.02	1832.36	1807.42	1829.93	92206	0	7
2020.12.03	1830.18	1843.92	1823.70	1840.30	94123	0	11
2020.12.04	1840.44	1848.21	1829.13	1837.58	78322	0	5
2020.12.07	1838.27	1868.53	1821.92	1862.01	89356	0	5
2020.12.08	1862.00	1875.21	1860.17	1869.55	86373	0	5
2020.12.09	1870.19	1870.66	1825.35	1838.87	113081	0	11
2020.12.10	1839.66	1849.94	1828.61	1835.97	113543	0	10
2020.12.11	1836.15	1847.65	1823.96	1839.64	97582	0	7
2020.12.14	1840.00	1841.32	1818.86	1826.63	91482	0	7
2020.12.15	1827.16	1855.36	1825.51	1852.78	98522	0	6
2020.12.16	1852.78	1865.71	1844.71	1863.92	113937	0	9
2020.12.17	1863.99	1896.18	1861.96	1885.24	113480	0	6
2020.12.18	1885.45	1889.67	1877.37	1880.42	98873	0	5
2020.12.21	1883.67	1906.72	1855.04	1876.44	146565	0	15
2020.12.22	1876.98	1884.26	1858.89	1858.89	122141	0	8
2020.12.23	1860.03	1878.48	1856.90	1872.07	107898	0	10
2020.12.24	1872.68	1883.28	1869.51	1879.30	68361	0	5
2020.12.28	1882.09	1900.19	1869.08	1873.33	107667	0	9
2020.12.29	1871.92	1886.35	1871.70	1877.73	90588	0	5
2020.12.30	1877.35	1894.46	1876.01	1894.17	80121	0	7
2020.12.31	1893.63	1900.94	1885.38	1897.77	81219	0	5
2021.01.04	1904.83	1944.40	1903.06	1942.13	128709	0	5
2021.01.05	1941.69	1952.94	1934.24	1949.16	112563	0	12
2021.01.06	1948.24	1959.32	1900.83	1917.76	153204	0	16
2021.01.07	1918.72	1927.63	1906.84	1913.19	131108	0	16
2021.01.08	1914.21	1917.48	1828.14	1847.28	153030	0	5
2021.01.11	1848.16	1856.54	1816.94	1842.35	153375	0	11
2021.01.12	1843.30	1863.59	1836.78	1854.02	128236	0	15
2021.01.13	1853.89	1863.01	1841.87	1844.01	107567	0	5
2021.01.14	1844.84	1857.46	1828.84	1845.54	120619	0	6
2021.01.15	1846.26	1856.82	1823.28	1827.10	119501	0	10
2021.01.18	1827.64	1840.76	1802.05	1836.99	79906	0	5
2021.01.19	1837.49	1845.45	1832.99	1839.81	92517	0	7
2021.01.20	1839.24	1871.84	1832.41	1871.35	104951	0	8
2021.01.21	1869.51	1875.08	1858.33	1869.24	105725	0	5
2021.01.22	1869.03	1870.81	1837.27	1854.41	111427	0	10
2021.01.25	1854.94	1867.86	1847.07	1855.15	104014	0	5
2021.01.26	1854.45	1861.67	1848.37	1850.67	85225	0	5
2021.01.27	1849.80	1853.09	1831.23	1841.99	106045	0	5
2021.01.28	1843.17	1864.02	1833.98	1841.74	132535	0	5
2021.01.29	1840.50	1875.60	1839.56	1846.93	151446	0	5
2021.02.01	1863.12	1871.72	1849.14	1859.97	162654	0	12
2021.02.02	1860.18	1864.02	1829.46	1837.27	133856	0	5
2021.02.03	1837.39	1844.91	1829.54	1833.64	97519	0	5
2021.02.04	1833.19	1834.71	1784.97	1793.37	120324	0	5
2021.02.05	1794.03	1815.12	1791.95	1811.86	99256	0	5
2021.02.08	1815.62	1839.10	1807.69	1829.82	101594	0	6
2021.02.09	1829.54	1848.53	1828.82	1837.58	99892	0	5
2021.02.10	1837.39	1855.36	1834.04	1842.50	106296	0	5
2021.02.11	1840.74	1847.55	1821.12	1824.54	91249	0	5
2021.02.12	1824.53	1830.64	1810.54	1822.62	94137	0	5
2021.02.15	1825.05	1826.99	1816.02	1817.76	63346	0	5
2021.02.16	1818.67	1826.42	1789.43	1794.55	125358	0	5
2021.02.17	1791.77	1795.14	1769.42	1775.79	135611	0	5
2021.02.18	1776.24	1789.60	1768.34	1775.19	123833	0	5
2021.02.19	1774.75	1791.52	1760.60	1782.16	140088	0	16
2021.02.22	1783.35	1812.57	1780.39	1808.99	134556	0	5
2021.02.23	1809.33	1815.94	1795.55	1804.99	122664	0	11
2021.02.24	1804.43	1813.76	1783.51	1804.59	132620	0	5
2021.02.25	1805.05	1805.36	1765.40	1770.00	165152	0	5
2021.02.26	1769.03	1775.79	1717.16	1734.30	177738	0	5
2021.03.01	1732.15	1759.76	1719.58	1724.40	138529	0	5
2021.03.02	1724.15	1739.08	1707.17	1737.74	140992	0	8
2021.03.03	1737.50	1740.46	1701.88	1710.87	135314	0	16
2021.03.04	1705.93	1723.15	1690.48	1696.10	154301	0	5
2021.03.05	1696.76	1707.65	1687.21	1701.26	143705	0	5
2021.03.08	1701.16	1714.23	1676.78	1683.34	150403	0	10
2021.03.09	1682.37	1720.60	1680.08	1715.77	137072	0	13
2021.03.10	1715.95	1726.71	1708.16	1726.42	121673	0	5
2021.03.11	1726.14	1739.82	1719.21	1721.24	118178	0	5
2021.03.12	1720.90	1727.92	1699.17	1724.67	121917	0	8
2021.03.15	1724.27	1734.51	1721.61	1731.49	99336	0	9
2021.03.16	1731.23	1741.08	1726.10	1729.69	100397	0	5
2021.03.17	1731.15	1751.59	1723.94	1744.78	107811	0	5
2021.03.18	1743.89	1755.49	1719.20	1736.40	131051	0	5
2021.03.19	1734.96	1745.88	1728.49	1745.70	111773	0	5
2021.03.22	1745.27	1746.95	1727.29	1738.43	102751	0	5
2021.03.23	1738.48	1742.52	1724.64	1726.46	102808	0	5
2021.03.24	1726.18	1738.36	1723.92	1734.24	91037	0	5
2021.03.25	1732.94	1745.42	1721.64	1726.01	103186	0	5
2021.03.26	1724.03	1736.74	1721.58	1732.10	84643	0	10
2021.03.29	1730.05	1733.10	1705.71	1711.59	84193	0	6
2021.03.30	1711.63	1714.35	1678.61	1684.76	106901	0	6
2021.03.31	1684.82	1715.22	1677.85	1706.48	103915	0	11
2021.04.01	1707.08	1730.45	1705.09	1728.78	95190	0	6
2021.04.05	1727.24	1733.50	1721.24	1727.46	71460	0	5
2021.04.06	1727.75	1745.43	1727.16	1742.06	91777	0	5
2021.04.07	1742.39	1744.30	1730.59	1737.33	83155	0	5
2021.04.08	1736.85	1758.63	1733.13	1754.40	81713	0	5
2021.04.09	1754.39	1757.31	1731.13	1743.06	87297	0	5
2021.04.12	1742.98	1744.94	1727.33	1731.42	83696	0	5
2021.04.13	1730.74	1748.86	1723.68	1744.99	96911	0	5
2021.04.14	1745.02	1749.34	1732.55	1735.32	89808	0	5
2021.04.15	1735.13	1769.62	1734.31	1763.48	93508	0	5
2021.04.16	1763.70	1783.75	1759.72	1775.65	96796	0	7
2021.04.19	1776.26	1790.02	1766.65	1770.63	112318	0	5
2021.04.20	1769.64	1780.43	1763.60	1777.67	111219	0	5
2021.04.21	1778.18	1797.60	1775.43	1793.18	98697	0	13
2021.04.22	1792.60	1797.85	1777.40	1783.80	103480	0	5
2021.04.23	1782.50	1795.83	1769.92	1776.77	85563	0	5
2021.04.26	1774.95	1783.44	1768.73	1780.22	79394	0	5
2021.04.27	1780.32	1785.53	1773.69	1776.37	77636	0	1
2021.04.28	1774.28	1782.53	1762.60	1780.44	92009	0	0
2021.04.29	1780.87	1789.91	1756.07	1771.33	88821	0	0
2021.04.30	1771.97	1773.60	1764.18	1768.96	85430	0	1
2021.05.03	1766.21	1797.89	1765.18	1791.75	77669	0	0
2021.05.04	1791.75	1798.93	1770.74	1778.60	97770	0	0
2021.05.05	1776.28	1787.95	1770.35	1785.59	75569	0	0
2021.05.06	1783.96	1818.05	1781.93	1814.54	88427	0	2
2021.05.07	1813.24	1843.21	1812.79	1830.48	98359	0	3
2021.05.10	1832.02	1845.37	1829.95	1835.43	96674	0	7
2021.05.11	1833.11	1841.81	1817.99	1837.05	100224	0	3
2021.05.12	1836.06	1843.60	1813.24	1815.38	113462	0	0
2021.05.13	1814.47	1828.75	1808.69	1825.10	106418	0	0
2021.05.14	1824.95	1843.66	1819.72	1843.32	86600	0	0
2021.05.17	1843.59	1868.42	1839.97	1866.03	83345	0	0
2021.05.18	1865.72	1874.96	1863.17	1868.71	84524	0	0
2021.05.19	1869.10	1889.98	1852.18	1869.12	115296	0	4
2021.05.20	1869.01	1883.80	1863.82	1876.80	96033	0	0
2021.05.21	1877.27	1889.34	1870.11	1880.59	89025	0	0
2021.05.24	1881.21	1887.01	1875.19	1880.41	82518	0	0
2021.05.25	1879.72	1900.22	1872.67	1898.65	86035	0	0
2021.05.26	1898.52	1912.71	1890.68	1896.21	91401	0	0
2021.05.27	1894.87	1903.60	1888.14	1896.11	86241	0	0
2021.05.28	1895.84	1905.87	1882.24	1903.88	81872	0	0
2021.05.31	1903.68	1910.59	1900.95	1906.21	47334	0	0
2021.06.01	1906.90	1916.52	1892.37	1900.04	82023	0	0
2021.06.02	1899.74	1908.99	1894.32	1907.95	73227	0	0
2021.06.03	1904.68	1909.54	1864.91	1870.50	76002	0	0
2021.06.04	1870.22	1896.15	1855.56	1891.62	81728	0	0
2021.06.07	1890.50	1900.04	1881.47	1898.45	69417	0	0
2021.06.08	1898.70	1903.61	1883.75	1892.46	72425	0	0
2021.06.09	1889.87	1898.91	1887.26	1888.11	76407	0	0
2021.06.10	1886.90	1899.85	1869.60	1897.46	98158	0	1
2021.06.11	1898.13	1902.92	1874.39	1876.03	85355	0	0
2021.06.14	1876.79	1877.64	1844.67	1865.71	87911	0	5
2021.06.15	1865.90	1869.11	1851.57	1855.54	79988	0	3
2021.06.16	1858.49	1862.96	1803.56	1810.44	91997	0	2
2021.06.17	1811.60	1825.23	1767.16	1772.96	146688	0	1
2021.06.18	1772.96	1797.10	1760.77	1763.61	121717	0	6
2021.06.21	1761.50	1786.41	1759.71	1782.67	119758	0	7
2021.06.22	1781.39	1790.05	1772.37	1778.28	103272	0	1
2021.06.23	1777.97	1794.86	1773.18	1774.98	94804	0	4
2021.06.24	1776.14	1787.92	1772.77	1774.53	88847	0	5
2021.06.25	1774.92	1790.26	1773.65	1780.41	82681	0	0
2021.06.28	1779.64	1785.68	1770.57	1778.08	93732	0	1
2021.06.29	1777.40	1778.88	1750.61	1760.74	94495	0	4
2021.06.30	1761.14	1774.28	1753.29	1769.82	95183	0	0
2021.07.01	1769.17	1782.74	1765.55	1776.19	89808	0	5
2021.07.02	1774.83	1794.98	1774.26	1787.52	84004	0	9
2021.07.05	1785.35	1794.35	1784.42	1790.86	43286	0	2
2021.07.06	1790.09	1814.96	1789.96	1791.93	100392	0	0
2021.07.07	1795.89	1809.68	1793.88	1803.12	94869	0	9
2021.07.08	1802.35	1818.22	1793.91	1802.41	108053	0	6
2021.07.09	1802.28	1812.29	1796.59	1808.19	93807	0	2
2021.07.12	1806.52	1810.77	1791.63	1805.20	76480	0	3
2021.07.13	1805.67	1817.09	1798.59	1807.27	77381	0	7
2021.07.14	1807.27	1829.70	1804.48	1826.64	83076	0	4
2021.07.15	1827.18	1834.04	1820.20	1828.81	85230	0	6
2021.07.16	1828.45	1831.93	1809.00	1811.41	85786	0	0
2021.07.19	1808.59	1817.22	1794.94	1811.82	99390	0	14
2021.07.20	1812.36	1824.90	1805.08	1809.80	91578	0	8
2021.07.21	1804.33	1813.64	1794.68	1802.99	84201	0	12
2021.07.22	1802.85	1807.99	1792.73	1806.34	80168	0	10
2021.07.23	1805.69	1810.22	1789.63	1801.80	70267	0	9
2021.07.26	1802.05	1811.42	1796.32	1797.02	77760	0	9
2021.07.27	1796.65	1805.17	1793.52	1798.37	76692	0	5
2021.07.28	1797.99	1809.65	1792.43	1806.27	78373	0	5
2021.07.29	1806.67	1832.69	1806.22	1828.17	80012	0	9
2021.07.30	1827.81	1831.25	1810.19	1813.96	71319	0	9
2021.08.02	1812.61	1819.49	1805.70	1813.28	74121	0	6
2021.08.03	1812.71	1814.96	1807.01	1810.17	65200	0	8
2021.08.04	1809.94	1831.67	1806.39	1811.66	71350	0	9
2021.08.05	1811.46	1814.80	1797.72	1804.28	70855	0	5
2021.08.06	1804.17	1804.73	1758.63	1761.93	84318	0	0
2021.08.09	1762.13	1764.59	1680.31	1729.54	118009	0	0
2021.08.10	1729.31	1738.23	1717.71	1728.83	84016	0	0
2021.08.11	1728.52	1754.34	1723.99	1751.44	84490	0	0
2021.08.12	1750.28	1758.09	1741.55	1752.66	74082	0	0
2021.08.13	1752.21	1779.18	1751.64	1778.84	72116	0	0
2021.08.16	1777.91	1789.16	1770.76	1787.07	80135	0	0
2021.08.17	1787.03	1795.49	1780.53	1785.92	75498	0	0
2021.08.18	1785.77	1793.71	1777.27	1787.55	80570	0	0
2021.08.19	1787.17	1792.29	1774.42	1779.78	89866	0	0
2021.08.20	1779.21	1788.31	1778.30	1781.18	71912	0	0
2021.08.23	1780.10	1806.39	1776.40	1805.23	82604	0	0
2021.08.24	1804.88	1809.45	1800.64	1802.56	64406	0	0
2021.08.25	1802.70	1802.98	1782.47	1790.50	76449	0	0
2021.08.26	1790.32	1798.11	1779.97	1791.57	73160	0	0
2021.08.27	1791.53	1819.16	1784.40	1818.12	77108	0	0
2021.08.30	1818.01	1823.11	1807.69	1810.31	66162	0	0
2021.08.31	1809.85	1819.12	1801.58	1813.44	80467	0	0
2021.09.01	1813.23	1819.93	1808.62	1813.76	76182	0	0
2021.09.02	1813.22	1817.05	1804.86	1809.32	58503	0	0
2021.09.03	1808.57	1833.87	1808.57	1827.70	73401	0	0
2021.09.06	1830.15	1830.15	1821.37	1823.37	41049	0	5
2021.09.07	1822.90	1827.19	1792.36	1794.15	80843	0	0
2021.09.08	1793.76	1802.07	1782.32	1789.10	83280	0	0
2021.09.09	1788.85	1800.80	1783.78	1794.25	90100	0	0
2021.09.10	1793.92	1803.78	1787.13	1787.92	83460	0	0
2021.09.13	1788.07	1798.31	1783.62	1793.38	87919	0	0
2021.09.14	1793.11	1808.56	1780.67	1804.36	75493	0	0
2021.09.15	1803.31	1806.80	1790.67	1793.53	72447	0	0
2021.09.16	1793.80	1796.10	1745.26	1753.20	107116	0	0
2021.09.17	1753.42	1767.41	1747.29	1752.78	92761	0	0
2021.09.20	1752.73	1766.96	1742.23	1763.94	85303	0	0
2021.09.21	1764.20	1781.67	1757.86	1774.21	83365	0	0
2021.09.22	1773.50	1787.14	1764.62	1768.13	100281	0	0
2021.09.23	1767.45	1776.47	1737.83	1742.05	102897	0	0
2021.09.24	1741.70	1757.61	1740.38	1748.97	82582	0	0
2021.09.27	1750.80	1760.77	1744.80	1749.89	90062	0	0
2021.09.28	1749.03	1754.36	1728.05	1733.79	107211	0	0
2021.09.29	1733.81	1745.45	1721.58	1726.23	95015	0	0
2021.09.30	1725.86	1764.14	1722.15	1756.60	89133	0	0
2021.10.01	1756.50	1764.22	1749.68	1759.67	94546	0	0
2021.10.04	1761.46	1770.49	1747.66	1769.27	91732	0	0
2021.10.05	1769.15	1769.95	1748.52	1759.82	90310	0	0
2021.10.06	1759.47	1765.03	1745.80	1762.56	104563	0	0
2021.10.07	1762.45	1766.87	1751.89	1755.28	73382	0	5
2021.10.08	1755.28	1781.23	1753.27	1756.50	78314	0	5
2021.10.11	1756.69	1760.93	1750.05	1754.09	78508	0	10
2021.10.12	1753.69	1769.25	1750.66	1759.85	88598	0	6
2021.10.13	1759.61	1796.09	1757.82	1793.11	94063	0	5
2021.10.14	1792.45	1800.49	1786.62	1795.60	75884	0	10
2021.10.15	1795.21	1796.39	1764.77	1767.16	93100	0	5
2021.10.18	1766.70	1771.99	1760.22	1764.67	84383	0	5
2021.10.19	1764.16	1785.07	1762.89	1769.30	87573	0	5
2021.10.20	1769.30	1788.34	1766.79	1781.69	87377	0	5
2021.10.21	1781.45	1789.39	1776.43	1782.74	100106	0	6
2021.10.22	1782.24	1813.75	1782.24	1792.39	98664	0	9
2021.10.25	1792.02	1809.97	1792.02	1807.55	83625	0	6
2021.10.26	1807.08	1808.25	1782.29	1792.57	71961	0	5
2021.10.27	1792.57	1798.98	1783.42	1796.67	100013	0	5
2021.10.28	1796.70	1810.38	1792.25	1798.68	96792	0	13
2021.10.29	1798.61	1801.12	1771.88	1782.90	116201	0	7
2021.11.01	1782.27	1795.75	1779.06	1793.01	94449	0	5
2021.11.02	1792.31	1796.34	1786.30	1787.79	89941	0	5
2021.11.03	1787.04	1788.17	1758.69	1769.66	103575	0	5
2021.11.04	1768.78	1798.83	1768.72	1791.85	81765	0	5
2021.11.05	1791.22	1818.09	1784.95	1818.09	104759	0	8
2021.11.08	1817.90	1826.43	1812.34	1823.89	84687	0	8
2021.11.09	1824.60	1832.70	1819.09	1831.67	93483	0	5
2021.11.10	1831.78	1868.34	1822.21	1849.14	111310	0	12
2021.11.11	1849.00	1865.90	1842.83	1861.84	91444	0	5
2021.11.12	1861.07	1868.57	1845.14	1864.22	100221	0	7
2021.11.15	1869.30	1870.23	1856.26	1862.63	87807	0	10
2021.11.16	1862.27	1877.13	1849.60	1850.32	106051	0	11
2021.11.17	1848.96	1867.95	1848.75	1867.17	97682	0	16
2021.11.18	1866.23	1870.88	1855.01	1858.60	95604	0	7
2021.11.19	1858.65	1865.64	1842.84	1846.60	82182	0	5
2021.11.22	1846.54	1849.02	1802.14	1804.54	105698	0	16
2021.11.23	1806.08	1812.34	1781.90	1788.82	116680	0	13
2021.11.24	1788.26	1796.33	1778.44	1788.23	105045	0	12
2021.11.25	1788.90	1794.99	1785.94	1788.52	56388	0	14
2021.11.26	1788.50	1815.43	1780.36	1791.55	122888	0	7
2021.11.29	1788.39	1799.35	1779.22	1784.40	115101	0	16
2021.11.30	1784.31	1808.60	1769.79	1774.57	139443	0	14
2021.12.01	1774.96	1794.39	1772.10	1781.36	123700	0	16
2021.12.02	1781.84	1783.23	1761.87	1767.96	120398	0	9
2021.12.03	1767.78	1786.01	1766.06	1783.97	112575	0	15
2021.12.06	1784.42	1787.68	1775.59	1778.42	79509	0	5
2021.12.07	1778.05	1787.73	1772.12	1784.04	89402	0	5
2021.12.08	1782.81	1793.00	1779.56	1782.76	95201	0	8
2021.12.09	1782.47	1787.52	1773.16	1774.97	62885	0	5
2021.12.10	1774.55	1789.38	1770.05	1782.49	82199	0	8
2021.12.13	1781.98	1791.47	1781.69	1786.34	69953	0	5
2021.12.14	1786.45	1789.46	1766.46	1770.52	80431	0	5
2021.12.15	1769.91	1780.77	1752.85	1776.69	90138	0	5
2021.12.16	1776.07	1799.60	1775.76	1799.19	92847	0	5
2021.12.17	1799.56	1814.18	1795.78	1798.43	90828	0	8
2021.12.20	1799.19	1804.08	1788.25	1790.83	90980	0	7
2021.12.21	1790.52	1800.37	1784.79	1789.10	70574	0	9
2021.12.22	1788.60	1804.91	1785.84	1803.38	57051	0	6
2021.12.23	1803.96	1810.65	1798.74	1808.25	55549	0	10
2021.12.27	1807.75	1813.38	1802.92	1811.80	57072	0	5
2021.12.28	1811.45	1820.10	1804.92	1805.98	58000	0	14
2021.12.29	1805.60	1807.63	1789.32	1804.17	63107	0	16
2021.12.30	1804.43	1817.13	1796.08	1814.33	57011	0	7
2021.12.31	1815.40	1830.24	1814.21	1828.38	49819	0	9
2022.01.03	1828.80	1831.70	1798.24	1801.09	68687	0	6
2022.01.04	1801.11	1816.70	1798.46	1814.40	76677	0	8
2022.01.05	1814.32	1829.59	1808.21	1810.04	86409	0	6
2022.01.06	1809.85	1811.46	1786.30	1790.85	94293	0	8
2022.01.07	1790.85	1798.55	1782.49	1795.97	75115	0	6
2022.01.10	1794.51	1802.23	1790.27	1801.45	70399	0	8
2022.01.11	1800.32	1823.23	1799.97	1821.36	70447	0	7
2022.01.12	1820.90	1827.98	1814.62	1825.90	84271	0	5
2022.01.13	1825.14	1828.08	1812.27	1822.35	90314	0	5
2022.01.14	1822.47	1829.03	1814.62	1816.99	95299	0	8
2022.01.17	1819.00	1823.12	1813.05	1818.94	43646	0	5
2022.01.18	1818.38	1822.68	1805.68	1813.58	97312	0	5
2022.01.19	1813.50	1843.23	1810.18	1840.44	81794	0	5
2022.01.20	1839.84	1847.82	1835.84	1839.13	98992	0	5
2022.01.21	1839.69	1843.12	1828.42	1833.44	101623	0	5
2022.01.24	1834.17	1844.22	1829.63	1842.86	106071	0	8
2022.01.25	1842.79	1853.78	1834.87	1847.84	95075	0	5
2022.01.26	1847.71	1849.99	1814.88	1819.39	97373	0	5
2022.01.27	1819.65	1822.06	1791.73	1797.29	118039	0	16
2022.01.28	1796.78	1799.36	1780.20	1791.00	100526	0	5
2022.01.31	1791.05	1799.79	1785.50	1797.02	74765	0	9
2022.02.01	1797.75	1808.71	1795.66	1801.03	78119	0	6
2022.02.02	1800.13	1810.72	1794.34	1806.66	64669	0	5
2022.02.03	1806.77	1808.88	1788.59	1804.67	76740	0	5
2022.02.04	1804.80	1814.82	1792.07	1807.06	73223	0	5
2022.02.07	1807.19	1823.49	1806.66	1820.26	72117	0	5
2022.02.08	1820.35	1828.69	1815.35	1825.74	59669	0	5
2022.02.09	1825.31	1835.73	1824.58	1832.85	66567	0	6
2022.02.10	1832.84	1841.86	1821.45	1826.68	89514	0	16
2022.02.11	1826.42	1865.41	1820.89	1861.00	112173	0	16
2022.02.14	1861.13	1874.06	1850.72	1870.98	119864	0	16
2022.02.15	1871.43	1879.38	1844.45	1853.35	81391	0	7
2022.02.16	1853.40	1872.49	1850.23	1869.47	77745	0	5
2022.02.17	1869.72	1901.06	1867.75	1898.15	107533	0	7
2022.02.18	1898.58	1902.39	1886.49	1897.87	80834	0	7
2022.02.21	1899.84	1908.19	1887.55	1902.95	76152	0	9
2022.02.22	1908.29	1913.94	1891.37	1898.39	108536	0	5
2022.02.23	1898.22	1910.37	1889.54	1908.88	73434	0	5
2022.02.24	1908.50	1974.32	1878.12	1903.44	171094	0	5
2022.02.25	1903.92	1921.33	1883.03	1887.63	114727	0	6
2022.02.28	1916.55	1929.55	1890.87	1908.49	112291	0	16
2022.03.01	1907.70	1950.10	1901.33	1944.93	105448	0	5
2022.03.02	1941.84	1947.82	1913.72	1928.52	106237	0	16
2022.03.03	1928.73	1941.12	1921.96	1935.68	96694	0	5
2022.03.04	1936.04	1970.13	1929.56	1968.47	120157	0	8
2022.03.07	1974.38	2002.48	1960.92	1997.43	150794	0	16
2022.03.08	1996.66	2070.30	1980.97	2049.85	154247	0	14
2022.03.09	2049.83	2059.04	1975.82	1991.36	140981	0	7
2022.03.10	1988.90	2009.07	1970.76	1996.37	113400	0	13
2022.03.11	1993.74	1998.92	1958.59	1986.30	84154	0	14
2022.03.14	1984.17	1989.63	1949.52	1950.67	82280	0	16
2022.03.15	1951.10	1954.49	1906.97	1917.66	88879	0	6
2022.03.16	1918.45	1929.46	1894.97	1926.05	84370	0	5
2022.03.17	1926.28	1949.71	1923.09	1942.29	72564	0	8
2022.03.18	1942.39	1945.21	1917.81	1919.45	65340	0	5
2022.03.21	1921.54	1940.99	1917.87	1935.53	68582	0	5
2022.03.22	1935.29	1938.32	1910.64	1921.23	72039	0	5
2022.03.23	1920.12	1948.24	1915.48	1943.99	65231	0	5
2022.03.24	1943.40	1966.12	1937.31	1957.49	73464	0	5
2022.03.25	1956.76	1964.18	1943.05	1954.89	79461	0	5
2022.03.28	1955.89	1958.96	1916.90	1922.62	99273	0	10
2022.03.29	1922.00	1929.18	1890.04	1919.15	98722	0	5
2022.03.30	1919.05	1938.44	1915.85	1932.73	92575	0	5
2022.03.31	1932.76	1949.76	1919.07	1937.00	81793	0	5
2022.04.01	1937.23	1939.43	1917.98	1923.64	95508	0	5
2022.04.04	1924.10	1936.79	1915.37	1932.50	77488	0	5
2022.04.05	1932.86	1944.47	1917.93	1923.50	81620	0	5
2022.04.06	1923.44	1933.39	1915.00	1924.84	114936	0	10
2022.04.07	1923.89	1937.73	1920.47	1931.39	75992	0	10
2022.04.08	1930.88	1948.05	1927.54	1945.57	71781	0	5
2022.04.11	1946.36	1969.54	1939.90	1953.44	101001	0	10
2022.04.12	1953.62	1978.49	1949.68	1966.35	80668	0	5
2022.04.13	1965.89	1981.47	1962.78	1977.61	84651	0	5
2022.04.14	1977.45	1980.26	1960.30	1973.36	81926	0	5
2022.04.18	1972.07	1998.30	1970.42	1978.71	82112	0	5
2022.04.19	1977.15	1981.87	1943.67	1949.93	92770	0	5
2022.04.20	1950.04	1958.25	1939.21	1957.41	96035	0	5
2022.04.21	1957.20	1957.24	1936.67	1951.20	92064	0	5
2022.04.22	1951.20	1955.52	1926.42	1931.75	105903	0	5
2022.04.25	1930.06	1934.35	1891.39	1897.61	117738	0	10
2022.04.26	1897.98	1911.14	1895.61	1905.17	101549	0	5
2022.04.27	1905.56	1906.93	1881.21	1885.68	99475	0	5
2022.04.28	1884.83	1896.66	1872.00	1894.42	92933	0	5
2022.04.29	1894.64	1919.90	1892.50	1897.01	90710	0	2
2022.05.02	1896.68	1899.79	1854.43	1862.83	85441	0	4
2022.05.03	1862.95	1878.05	1850.32	1868.10	84163	0	0
2022.05.04	1867.18	1889.63	1861.32	1881.02	76176	0	7
2022.05.05	1882.22	1909.70	1872.39	1877.01	105119	0	5
2022.05.06	1876.50	1892.43	1866.12	1882.52	98058	0	7
2022.05.09	1882.92	1885.54	1851.69	1853.76	104411	0	9
2022.05.10	1853.89	1865.37	1835.41	1837.95	107596	0	9
2022.05.11	1837.99	1857.95	1831.93	1852.32	100319	0	6
2022.05.12	1851.93	1858.69	1821.21	1821.33	114661	0	9
2022.05.13	1821.36	1828.71	1799.01	1811.18	91861	0	9
2022.05.16	1808.66	1826.83	1786.66	1823.75	79915	0	9
2022.05.17	1824.27	1836.03	1812.82	1814.69	87476	0	0
2022.05.18	1814.32	1824.60	1807.16	1816.38	93963	0	8
2022.05.19	1816.05	1849.05	1810.85	1841.97	106513	0	6
2022.05.20	1840.97	1849.33	1832.25	1845.37	84774	0	5
2022.05.23	1845.63	1865.31	1843.24	1853.46	79173	0	0
2022.05.24	1853.72	1869.62	1849.27	1866.28	89910	0	2
2022.05.25	1866.25	1868.03	1842.15	1853.03	105685	0	2
2022.05.26	1852.30	1854.29	1840.58	1850.59	95498	0	6
2022.05.27	1850.29	1861.90	1847.90	1853.52	82157	0	11
2022.05.30	1851.71	1863.96	1848.04	1852.64	94696	0	8
2022.05.31	1855.93	1857.05	1835.03	1837.53	193744	0	8
2022.06.01	1836.83	1849.85	1828.40	1846.20	209972	0	8
2022.06.02	1846.31	1870.44	1843.97	1868.38	175624	0	8
2022.06.03	1868.79	1874.00	1847.26	1851.21	154188	0	2
2022.06.06	1849.54	1857.84	1840.57	1841.50	150935	0	11
2022.06.07	1839.93	1855.47	1836.93	1852.13	156111	0	0
2022.06.08	1851.84	1859.56	1844.46	1853.06	139453	0	6
2022.06.09	1851.65	1855.27	1839.93	1847.87	136008	0	8
2022.06.10	1847.67	1875.93	1824.95	1871.52	229443	0	14
2022.06.13	1874.46	1878.91	1818.91	1818.92	268351	0	17
2022.06.14	1820.00	1831.56	1805.04	1808.09	224138	0	7
2022.06.15	1807.55	1841.83	1807.31	1833.57	286864	0	3
2022.06.16	1832.78	1857.44	1815.23	1856.54	248244	0	8
2022.06.17	1857.24	1857.24	1833.82	1841.48	192746	0	7
2022.06.20	1836.67	1846.07	1834.50	1837.48	107245	0	7
2022.06.21	1836.93	1843.59	1828.52	1832.91	155437	0	15
2022.06.22	1832.64	1847.82	1823.31	1837.72	210958	0	2
2022.06.23	1837.51	1846.01	1822.41	1822.44	198832	0	7
2022.06.24	1822.92	1831.69	1816.83	1826.52	194013	0	3
2022.06.27	1837.53	1840.96	1820.73	1822.49	183490	0	17
2022.06.28	1822.41	1829.44	1818.32	1819.70	149402	0	7
2022.06.29	1819.37	1832.98	1811.98	1817.63	182255	0	7
2022.06.30	1817.59	1825.05	1802.61	1807.06	193031	0	17
2022.07.01	1807.24	1809.24	1784.38	1807.35	237443	0	0
2022.07.04	1811.53	1814.88	1792.81	1807.50	92889	0	1
2022.07.05	1807.66	1812.06	1763.75	1764.56	203154	0	14
2022.07.06	1764.97	1772.87	1732.12	1738.94	206089	0	1
2022.07.07	1738.50	1748.98	1736.41	1740.00	164176	0	14
2022.07.08	1739.99	1765.97	1727.69	1741.59	166258	0	10
2022.07.11	1742.50	1744.57	1731.07	1733.95	150878	0	0
2022.07.12	1733.45	1744.31	1723.09	1725.98	173491	0	8
2022.07.13	1725.71	1745.31	1706.89	1735.38	251246	0	8
2022.07.14	1734.91	1736.29	1697.44	1709.55	249907	0	17
2022.07.15	1709.94	1716.52	1698.90	1706.28	187696	0	14
2022.07.18	1707.75	1723.77	1705.75	1708.99	177303	0	8
2022.07.19	1708.71	1718.34	1705.23	1711.44	155042	0	14
2022.07.20	1710.80	1714.38	1692.26	1696.55	160526	0	8
2022.07.21	1696.16	1720.20	1680.78	1717.84	207272	0	8
2022.07.22	1717.83	1739.18	1712.76	1726.80	183360	0	8
2022.07.25	1727.46	1736.16	1714.64	1719.57	163198	0	14
2022.07.26	1719.06	1728.12	1713.51	1716.96	130563	0	8
2022.07.27	1716.77	1740.17	1711.29	1734.15	149576	0	8
2022.07.28	1734.08	1757.05	1733.47	1755.62	234222	0	14
2022.07.29	1755.71	1767.81	1751.92	1765.48	201339	0	17
2022.08.01	1765.52	1775.33	1758.23	1771.96	198842	0	14
2022.08.02	1771.51	1787.94	1760.35	1760.86	149640	0	14
2022.08.03	1760.96	1772.73	1754.13	1765.25	120214	0	13
2022.08.04	1764.93	1794.90	1763.11	1791.03	113539	0	12
2022.08.05	1790.89	1794.80	1764.86	1774.52	135882	0	8
2022.08.08	1774.12	1789.97	1770.42	1788.94	96641	0	11
2022.08.09	1788.33	1800.34	1783.13	1794.12	97529	0	10
2022.08.10	1794.18	1807.82	1787.24	1792.02	112305	0	10
2022.08.11	1791.40	1799.20	1783.41	1789.34	111848	0	10
2022.08.12	1789.36	1802.05	1784.82	1800.79	103343	0	11
2022.08.15	1801.55	1802.07	1772.89	1779.21	152742	0	10
2022.08.16	1779.70	1783.09	1771.40	1775.44	123006	0	10
2022.08.17	1775.54	1782.24	1759.70	1761.95	166599	0	10
2022.08.18	1761.43	1772.36	1755.27	1758.37	138135	0	10
2022.08.19	1759.16	1759.29	1745.48	1747.30	132016	0	10
2022.08.22	1746.71	1749.01	1727.68	1735.98	143731	0	10
2022.08.23	1736.13	1754.02	1730.73	1747.77	135064	0	11
2022.08.24	1747.98	1755.83	1742.37	1751.23	118126	0	10
2022.08.25	1751.11	1765.45	1749.90	1758.57	116883	0	10
2022.08.26	1758.50	1758.81	1734.12	1738.32	147858	0	10
2022.08.29	1735.98	1745.49	1720.26	1737.41	89345	0	10
2022.08.30	1737.33	1740.39	1721.14	1724.15	83219	0	5
2022.08.31	1723.33	1726.46	1709.55	1710.94	91992	0	11
2022.09.05	1711.36	1715.72	1707.64	1709.97	51197	0	5
2022.09.06	1709.53	1726.68	1699.76	1701.73	92581	0	11
2022.09.07	1701.87	1719.36	1691.28	1718.05	95874	0	16
2022.09.08	1718.26	1728.13	1703.93	1708.52	103402	0	11
2022.09.09	1708.66	1729.37	1708.37	1716.01	93888	0	11
2022.09.12	1717.41	1735.05	1711.86	1724.60	92433	0	11
2022.09.13	1724.88	1731.77	1696.97	1702.28	105441	0	10
2022.09.14	1701.64	1707.03	1693.58	1697.34	110679	0	11
2022.09.15	1697.40	1698.19	1660.25	1664.57	102261	0	11
2022.09.16	1664.65	1680.30	1654.06	1674.78	98710	0	11
2022.09.19	1674.97	1679.81	1659.60	1675.58	83713	0	11
2022.09.20	1675.78	1679.36	1659.90	1664.75	89833	0	10
2022.09.21	1664.75	1687.96	1653.76	1673.75	104669	0	10
2022.09.22	1673.28	1684.86	1655.60	1671.13	126478	0	10
2022.09.23	1671.10	1675.86	1639.58	1643.70	119242	0	11
2022.09.26	1644.35	1649.71	1621.08	1622.44	134962	0	16
2022.09.27	1622.18	1642.38	1622.05	1629.08	116702	0	11
2022.09.28	1629.00	1662.63	1614.76	1659.85	136504	0	17
2022.09.29	1659.91	1664.81	1641.45	1660.27	127552	0	11
2022.09.30	1660.74	1675.36	1659.16	1662.04	116857	0	11
2022.10.03	1660.96	1701.37	1659.60	1699.52	115776	0	10
2022.10.04	1699.24	1729.44	1695.12	1726.31	115952	0	4
2022.10.05	1725.87	1727.69	1700.41	1716.21	112537	0	4
2022.10.06	1716.77	1725.45	1706.80	1712.40	107049	0	5
2022.10.07	1712.31	1714.78	1690.51	1695.16	99789	0	4
2022.10.10	1695.50	1699.86	1665.62	1667.99	133971	0	4
2022.10.11	1668.43	1683.88	1660.93	1666.15	160249	0	5
2022.10.12	1666.15	1678.29	1661.23	1673.07	161929	0	5
2022.10.13	1673.52	1682.39	1642.33	1666.09	185353	0	4
2022.10.14	1666.21	1671.72	1640.12	1643.25	173757	0	10
2022.10.17	1643.93	1668.37	1643.93	1650.51	140647	0	5
2022.10.18	1650.22	1660.84	1645.79	1651.90	144659	0	5
2022.10.19	1651.82	1654.34	1627.61	1629.02	132614	0	5
2022.10.20	1629.25	1645.70	1622.40	1628.02	137976	0	4
2022.10.21	1627.80	1657.05	1617.12	1655.99	178284	0	4
2022.10.24	1659.22	1670.65	1643.92	1649.34	153373	0	4
2022.10.25	1650.04	1662.33	1638.19	1653.08	127382	0	4
2022.10.26	1652.90	1674.90	1649.64	1664.60	143851	0	4
2022.10.27	1663.92	1670.76	1654.80	1663.32	147636	0	4
2022.10.28	1662.85	1666.94	1637.91	1645.02	139187	0	4
2022.10.31	1643.16	1645.58	1631.70	1633.53	109645	0	4
2022.11.01	1632.97	1656.98	1630.65	1647.60	138239	0	4
2022.11.02	1647.82	1669.46	1634.67	1635.02	132657	0	4
2022.11.03	1635.11	1640.94	1616.60	1629.52	145626	0	4
2022.11.04	1629.37	1681.67	1628.45	1681.08	159232	0	4
2022.11.07	1675.13	1681.82	1666.84	1675.25	113133	0	4
2022.11.08	1675.12	1716.86	1664.60	1712.32	137229	0	4
2022.11.09	1711.56	1722.29	1702.16	1706.84	137381	0	5
2022.11.10	1706.42	1757.15	1703.76	1755.51	162875	0	5
2022.11.11	1754.27	1772.53	1747.22	1770.47	144995	0	10
2022.11.14	1764.47	1775.01	1753.23	1771.12	82873	0	5
2022.11.15	1770.54	1786.42	1767.00	1778.62	117920	0	4
2022.11.16	1778.42	1784.96	1770.25	1773.69	103911	0	4
2022.11.17	1773.42	1774.70	1754.42	1760.12	101721	0	5
2022.11.18	1760.33	1767.64	1747.47	1749.72	88030	0	10
2022.11.21	1750.91	1752.92	1732.44	1737.66	83736	0	5
2022.11.22	1737.90	1749.70	1736.98	1739.90	81484	0	4
2022.11.23	1740.04	1753.33	1728.28	1749.36	81347	0	5
2022.11.24	1749.44	1758.60	1748.77	1755.07	66107	0	4
2022.11.25	1754.73	1761.01	1745.90	1754.50	75915	0	4
2022.11.28	1753.80	1763.64	1739.55	1741.42	79902	0	4
2022.11.29	1740.46	1758.92	1739.44	1749.64	81249	0	4
2022.11.30	1749.03	1769.94	1744.78	1768.41	85737	0	4
2022.12.01	1768.23	1803.93	1768.23	1802.78	95707	0	10
2022.12.02	1802.06	1804.34	1778.52	1797.78	87033	0	4
2022.12.05	1796.58	1809.93	1765.78	1768.64	92886	0	4
2022.12.06	1768.33	1780.80	1767.23	1770.92	79412	0	4
2022.12.07	1771.04	1790.49	1768.65	1786.01	84913	0	8
2022.12.08	1786.11	1794.79	1781.33	1788.86	79660	0	8
2022.12.09	1789.56	1806.06	1788.43	1797.03	76383	0	15
2022.12.12	1796.42	1797.09	1777.40	1781.30	67457	0	6
2022.12.13	1781.06	1824.47	1780.67	1810.51	93708	0	8
2022.12.14	1810.12	1814.05	1795.26	1807.16	90060	0	8
2022.12.15	1806.91	1808.45	1773.63	1776.66	117885	0	8
2022.12.16	1776.84	1794.21	1774.25	1792.61	79208	0	5
2022.12.19	1793.03	1798.71	1783.74	1787.61	64989	0	8
2022.12.20	1787.57	1821.14	1784.53	1817.62	111222	0	14
2022.12.21	1817.92	1823.80	1811.79	1814.11	77254	0	8
2022.12.22	1813.91	1820.38	1784.80	1792.37	85354	0	7
2022.12.23	1792.71	1803.21	1791.11	1797.48	80585	0	7
2022.12.27	1799.90	1833.20	1799.90	1813.45	78477	0	8
2022.12.28	1813.56	1814.45	1796.98	1804.21	69274	0	8
2022.12.29	1803.96	1820.10	1803.63	1814.76	71855	0	7
2022.12.30	1814.34	1826.06	1813.38	1823.69	85754	0	8
2023.01.03	1827.53	1849.92	1823.52	1839.38	106998	0	14
2023.01.04	1838.80	1865.07	1836.08	1854.55	109419	0	6
2023.01.05	1854.48	1858.90	1824.99	1832.91	106409	0	7
2023.01.06	1830.92	1869.81	1830.92	1866.36	100124	0	8
2023.01.09	1867.21	1881.39	1866.27	1871.56	97890	0	9
2023.01.10	1870.48	1880.67	1867.79	1877.19	96261	0	8
2023.01.11	1877.17	1886.54	1867.13	1875.88	94346	0	8
2023.01.12	1876.93	1901.57	1874.56	1897.25	112368	0	8
2023.01.13	1895.83	1921.86	1892.26	1920.06	113482	0	8
2023.01.16	1918.85	1928.96	1910.81	1914.33	72196	0	5
2023.01.17	1915.97	1918.99	1903.73	1908.40	102019	0	8
2023.01.18	1908.22	1925.82	1896.54	1904.06	123925	0	8
2023.01.19	1903.22	1935.11	1900.92	1931.61	115087	0	8
2023.01.20	1932.14	1937.46	1920.63	1926.63	100656	0	8
2023.01.23	1927.16	1935.50	1911.31	1931.42	99142	0	8
2023.01.24	1930.96	1942.43	1917.12	1937.44	93678	0	5
2023.01.25	1937.46	1947.98	1919.83	1946.34	93074	0	9
2023.01.26	1946.49	1949.13	1918.58	1928.91	95659	0	8
2023.01.27	1928.97	1934.92	1916.69	1928.57	86605	0	3
2023.01.30	1928.00	1934.41	1920.59	1923.10	92067	0	5
2023.01.31	1922.65	1931.00	1900.70	1927.96	101533	0	9
2023.02.01	1927.51	1954.45	1920.52	1949.91	104349	0	8
2023.02.02	1952.99	1959.72	1911.23	1912.51	122532	0	8
2023.02.03	1912.99	1918.58	1861.31	1865.40	117447	0	8
2023.02.06	1860.78	1881.29	1860.41	1867.69	112334	0	9
2023.02.07	1867.52	1884.33	1864.95	1872.07	109548	0	8
2023.02.08	1872.86	1886.32	1869.04	1875.70	95371	0	8
2023.02.09	1874.68	1890.13	1858.81	1861.24	98007	0	8
2023.02.10	1862.10	1872.27	1852.72	1865.15	103181	0	8
2023.02.13	1864.77	1866.47	1850.38	1853.23	87475	0	6
2023.02.14	1853.53	1870.57	1843.19	1853.98	106325	0	0
2023.02.15	1853.64	1860.06	1830.50	1835.50	98344	0	0
2023.02.16	1836.14	1845.20	1827.52	1835.99	105985	0	0
2023.02.17	1835.63	1843.57	1818.84	1841.93	100883	0	8
2023.02.20	1841.50	1847.45	1837.25	1841.01	62646	0	5
2023.02.21	1841.75	1843.78	1830.17	1834.52	98351	0	0
2023.02.22	1834.40	1845.96	1823.49	1824.70	106622	0	5
2023.02.23	1825.86	1833.71	1817.41	1821.99	96617	0	0
2023.02.24	1822.67	1827.77	1808.90	1811.05	106774	0	12
2023.02.27	1812.59	1820.10	1806.66	1816.83	97160	0	0
2023.02.28	1817.18	1831.07	1804.69	1826.35	96349	0	12
2023.03.01	1826.24	1844.63	1823.02	1836.10	100963	0	0
2023.03.02	1836.88	1838.90	1829.95	1835.33	95255	0	8
2023.03.03	1835.65	1856.26	1835.64	1855.24	91144	0	7
2023.03.06	1854.14	1858.21	1845.07	1846.26	91243	0	8
2023.03.07	1846.00	1851.60	1812.65	1813.02	103236	0	8
2023.03.08	1813.62	1824.20	1809.33	1813.41	96913	0	14
2023.03.09	1813.81	1835.64	1811.84	1830.39	97316	0	8
2023.03.10	1830.57	1870.10	1827.66	1866.82	137601	0	0
2023.03.13	1878.49	1914.56	1871.51	1912.93	183399	0	0
2023.03.14	1911.72	1914.08	1895.33	1903.52	141102	0	8
2023.03.15	1903.77	1937.29	1885.68	1918.13	148272	0	0
2023.03.16	1918.81	1933.44	1907.49	1919.78	135417	0	13
2023.03.17	1919.51	1987.69	1918.20	1983.41	122374	0	0
2023.03.20	1984.81	2009.73	1965.83	1978.37	139864	0	0
2023.03.21	1978.10	1985.11	1935.35	1940.02	106585	0	6
2023.03.22	1939.30	1978.75	1934.22	1968.27	112398	0	0
2023.03.23	1967.75	2003.27	1964.52	1992.87	127752	0	0
2023.03.24	1992.89	2003.06	1975.17	1979.16	124597	0	0
2023.03.27	1977.99	1979.06	1943.95	1956.00	97478	0	0
2023.03.28	1957.44	1975.25	1949.15	1973.21	92017	0	14
2023.03.29	1973.97	1974.30	1958.64	1964.25	73983	0	0
2023.03.30	1963.85	1984.23	1955.35	1979.86	83454	0	0
2023.03.31	1979.79	1987.52	1966.83	1969.45	85543	0	8
2023.04.03	1967.94	1990.43	1949.70	1983.67	91948	0	0
2023.04.04	1985.32	2024.96	1976.92	2019.87	87190	0	0
2023.04.05	2020.96	2032.00	2009.96	2020.32	83382	0	0
2023.04.06	2020.45	2021.34	2000.80	2007.49	78105	0	14
2023.04.10	1998.84	2006.40	1981.61	1990.71	65693	0	1
2023.04.11	1991.04	2007.43	1988.81	2003.24	71626	0	8
2023.04.12	2002.73	2028.22	2001.38	2014.50	92086	0	8
2023.04.13	2014.48	2048.55	2013.99	2039.78	84475	0	8
2023.04.14	2039.79	2047.38	1992.35	2004.25	103730	0	0
2023.04.17	2000.40	2014.98	1981.08	1994.68	89323	0	0
2023.04.18	1994.59	2011.77	1991.21	2004.67	78342	0	8
2023.04.19	2004.71	2008.11	1969.18	1994.29	93989	0	0
2023.04.20	1994.07	2012.29	1990.47	2004.25	89647	0	0
2023.04.21	2003.70	2005.50	1971.47	1982.63	93888	0	0
2023.04.24	1981.21	1990.77	1974.02	1988.71	85752	0	14
2023.04.25	1988.62	2003.83	1976.06	1996.50	100352	0	0
2023.04.26	1995.59	2009.31	1983.32	1988.86	97572	0	1
2023.04.27	1989.20	2003.23	1974.09	1987.43	90937	0	0
2023.04.28	1987.10	1995.00	1976.10	1989.58	107988	0	0
2023.05.01	1990.16	2005.95	1977.04	1982.18	82451	0	0
2023.05.02	1981.64	2019.31	1978.42	2016.18	95623	0	5
2023.05.03	2015.45	2039.40	2007.89	2038.96	96904	0	0
2023.05.04	2070.93	2077.91	2030.31	2049.59	139181	0	0
2023.05.05	2049.18	2052.97	1999.46	2016.43	98609	0	0
2023.05.08	2016.53	2029.30	2014.19	2021.03	76317	0	2
2023.05.09	2020.43	2037.52	2019.45	2034.06	77275	0	6
2023.05.10	2034.29	2048.13	2021.46	2029.61	88844	0	0
2023.05.11	2029.31	2041.18	2011.09	2014.46	100865	0	14
2023.05.12	2014.72	2022.50	2000.88	2011.26	87256	0	0
2023.05.15	2008.28	2022.10	2007.16	2015.93	93469	0	0
2023.05.16	2015.65	2018.26	1985.40	1988.44	106165	0	1
2023.05.17	1988.37	1993.00	1974.95	1981.53	100540	0	0
2023.05.18	1980.86	1985.94	1951.91	1957.04	102167	0	0
2023.05.19	1957.60	1984.15	1953.98	1977.17	110004	0	0
2023.05.22	1978.37	1982.51	1968.82	1971.33	99872	0	0
2023.05.23	1971.58	1977.66	1954.20	1974.55	110605	0	0
2023.05.24	1974.70	1985.21	1956.67	1956.83	109540	0	9
2023.05.25	1957.91	1964.70	1938.81	1940.18	110680	0	0
2023.05.26	1941.09	1957.23	1936.71	1946.71	99492	0	0
2023.05.29	1943.24	1949.66	1940.22	1943.19	41033	0	5
2023.05.30	1943.13	1963.48	1932.00	1958.90	105797	0	0
2023.05.31	1958.63	1974.69	1953.37	1962.25	98326	0	0
2023.06.01	1962.84	1983.03	1953.27	1977.38	96148	0	0
2023.06.02	1976.97	1983.37	1948.05	1948.22	100799	0	0
2023.06.05	1947.36	1963.95	1938.09	1961.22	98376	0	0
2023.06.06	1960.98	1966.27	1954.30	1963.01	91977	0	5
2023.06.07	1963.36	1970.11	1939.48	1939.57	106154	0	0
2023.06.08	1939.58	1970.43	1939.58	1965.07	103536	0	12
2023.06.09	1965.35	1973.02	1956.60	1960.73	91339	0	7
2023.06.12	1959.84	1966.90	1949.15	1957.13	97511	0	0
2023.06.13	1957.08	1971.10	1939.97	1943.11	110428	0	0
2023.06.14	1943.61	1960.19	1939.32	1940.58	108337	0	0
2023.06.15	1941.60	1960.18	1924.72	1957.39	120462	0	8
2023.06.16	1957.37	1967.83	1953.23	1957.51	104564	0	0
2023.06.19	1957.87	1958.69	1947.71	1950.43	63242	0	7
2023.06.20	1950.38	1956.71	1929.70	1935.56	108183	0	7
2023.06.21	1936.42	1939.43	1919.16	1931.95	113550	0	0
2023.06.22	1932.33	1934.85	1912.36	1913.15	99132	0	8
2023.06.23	1914.18	1937.26	1910.05	1919.49	99483	0	0
2023.06.26	1924.74	1933.30	1921.48	1922.65	81705	0	5
2023.06.27	1922.87	1930.61	1910.80	1913.17	85352	0	0
2023.06.28	1913.39	1917.14	1902.76	1906.94	85098	0	0
2023.06.29	1907.71	1913.07	1892.94	1907.71	91464	0	0
2023.06.30	1908.28	1922.66	1900.51	1918.76	85723	0	0
2023.07.03	1918.54	1930.90	1910.06	1921.20	75103	0	6
2023.07.04	1920.99	1930.64	1919.85	1925.41	42366	0	5
2023.07.05	1925.59	1934.95	1914.41	1914.85	78420	0	0
2023.07.06	1914.78	1927.56	1902.60	1910.53	89543	0	0
2023.07.07	1910.39	1934.83	1909.47	1925.05	86128	0	0
2023.07.10	1924.66	1928.12	1912.57	1924.89	84945	0	8
2023.07.11	1924.88	1938.45	1924.30	1931.65	94088	0	0
2023.07.12	1932.00	1959.62	1931.81	1956.71	98555	0	0
2023.07.13	1956.83	1963.48	1952.31	1960.08	94673	0	8
2023.07.14	1959.92	1963.70	1950.86	1955.04	91093	0	0
2023.07.17	1955.52	1959.81	1945.70	1954.59	79392	0	8
2023.07.18	1954.57	1984.32	1954.54	1978.30	99157	0	0
2023.07.19	1978.76	1980.90	1969.75	1976.15	90547	0	0
2023.07.20	1976.17	1987.41	1965.29	1969.14	91042	0	0
2023.07.21	1969.62	1973.74	1956.78	1961.91	84970	0	0
2023.07.24	1961.80	1967.80	1953.40	1954.31	81439	0	0
2023.07.25	1954.92	1965.61	1951.72	1964.44	78779	0	0
2023.07.26	1964.64	1978.29	1961.98	1971.58	89411	0	0
2023.07.27	1971.68	1982.16	1942.54	1945.44	98388	0	0
2023.07.28	1946.30	1963.53	1945.38	1958.96	102719	0	0
2023.07.31	1958.94	1972.35	1951.10	1964.68	80120	0	6
2023.08.01	1965.45	1965.97	1941.22	1943.89	80561	0	0
2023.08.02	1948.48	1954.72	1932.75	1934.29	87916	0	0
2023.08.03	1934.39	1938.93	1929.44	1933.64	85023	0	0
2023.08.04	1934.02	1946.80	1925.88	1942.60	80445	0	0
2023.08.07	1942.48	1946.72	1931.41	1936.01	64057	0	0
2023.08.08	1936.30	1938.00	1922.70	1924.79	77573	0	0
2023.08.09	1925.22	1932.29	1913.85	1913.89	66672	0	0
2023.08.10	1914.70	1930.08	1912.08	1912.08	80451	0	0
2023.08.11	1912.44	1920.90	1910.78	1913.37	66150	0	0
2023.08.14	1912.54	1916.15	1902.67	1906.90	69821	0	0
2023.08.15	1907.29	1911.55	1896.23	1901.35	87677	0	0
2023.08.16	1901.29	1907.13	1891.14	1891.16	74511	0	0
2023.08.17	1892.06	1903.40	1884.96	1888.95	83512	0	0
2023.08.18	1889.34	1896.76	1886.72	1889.15	68061	0	0
2023.08.21	1889.14	1898.69	1884.79	1894.47	76492	0	0
2023.08.22	1894.66	1904.39	1889.08	1897.34	71924	0	0
2023.08.23	1897.55	1920.28	1897.27	1915.25	77792	0	0
2023.08.24	1915.33	1923.30	1911.72	1916.64	76956	0	0
2023.08.25	1917.04	1922.34	1903.74	1914.20	75748	0	0
2023.08.28	1915.47	1926.01	1912.72	1919.62	63119	0	6
2023.08.29	1919.86	1938.09	1914.38	1937.05	72111	0	0
2023.08.30	1937.04	1948.99	1934.92	1941.97	75617	0	0
2023.08.31	1942.52	1947.81	1938.96	1940.01	70503	0	6
2023.09.01	1940.10	1952.90	1934.46	1939.88	76005	0	6
2023.09.04	1940.36	1946.33	1936.76	1938.39	39937	0	6
2023.09.05	1938.48	1938.93	1925.29	1925.74	76303	0	4
2023.09.06	1926.12	1929.17	1915.23	1916.33	73682	0	4
2023.09.07	1916.68	1923.55	1916.15	1919.50	66093	0	4
2023.09.08	1919.47	1929.68	1917.28	1919.26	64932	0	4
2023.09.11	1919.90	1930.64	1916.65	1922.17	73062	0	6
2023.09.12	1922.87	1924.46	1907.55	1913.37	70223	0	4
2023.09.13	1912.94	1915.71	1905.55	1907.98	78212	0	5
2023.09.14	1908.46	1912.84	1900.93	1910.50	87369	0	6
2023.09.15	1910.86	1930.35	1909.74	1923.48	84133	0	6
2023.09.18	1923.96	1934.17	1922.51	1933.63	70115	0	5
2023.09.19	1933.50	1937.35	1929.72	1931.20	58909	0	5
2023.09.20	1931.78	1947.37	1927.84	1930.24	75673	0	5
2023.09.21	1930.90	1931.51	1913.89	1919.83	78760	0	4
2023.09.22	1920.05	1929.04	1919.50	1925.10	63503	0	6
2023.09.25	1924.89	1927.14	1915.10	1915.86	59644	0	7
2023.09.26	1916.00	1916.76	1899.04	1900.33	64189	0	4
2023.09.27	1900.54	1903.86	1872.46	1874.94	75965	0	8
2023.09.28	1876.28	1879.52	1857.54	1864.52	83892	0	7
2023.09.29	1865.32	1879.77	1846.27	1848.58	83945	0	7
2023.10.02	1847.94	1849.66	1827.08	1827.74	84915	0	5
2023.10.03	1828.94	1833.28	1815.18	1822.68	100467	0	7
2023.10.04	1823.02	1830.49	1816.54	1820.90	101550	0	8
2023.10.05	1821.50	1829.12	1812.98	1820.00	86873	0	6
2023.10.06	1820.43	1834.80	1810.36	1831.90	91425	0	6
2023.10.09	1848.05	1863.44	1844.16	1861.25	84512	0	4
2023.10.10	1861.25	1865.36	1852.96	1860.32	93126	0	4
2023.10.11	1860.06	1877.10	1858.56	1874.10	89030	0	4
2023.10.12	1874.69	1885.04	1867.84	1868.59	84263	0	4
2023.10.13	1868.98	1930.66	1868.82	1928.83	102416	0	4
2023.10.16	1929.31	1929.31	1907.61	1919.84	90552	0	4
2023.10.17	1919.93	1931.48	1912.34	1922.86	84948	0	4
2023.10.18	1923.48	1962.56	1923.24	1947.31	101989	0	5
2023.10.19	1947.60	1977.65	1945.17	1974.19	107407	0	8
2023.10.20	1974.26	1997.10	1971.94	1980.17	108605	0	7
2023.10.23	1965.39	1982.76	1964.28	1972.67	96031	0	8
2023.10.24	1972.86	1980.76	1953.52	1970.78	91752	0	6
2023.10.25	1971.50	1987.18	1962.97	1979.38	82981	0	6
2023.10.26	1979.74	1993.39	1971.71	1984.33	93941	0	6
2023.10.27	1984.63	2009.30	1976.82	2005.72	89504	0	4
2023.10.30	2004.68	2006.77	1990.86	1995.88	87044	0	0
2023.10.31	1995.66	2007.80	1978.78	1983.75	88595	0	0
2023.11.01	1984.06	1991.99	1969.82	1982.09	89758	0	0
2023.11.02	1983.66	1990.99	1978.79	1985.49	76227	0	0
2023.11.03	1985.51	2003.99	1983.21	1992.40	81699	0	0
2023.11.06	1992.16	1993.02	1977.30	1977.58	68587	0	0
2023.11.07	1978.04	1978.25	1956.64	1968.90	76113	0	8
2023.11.08	1968.94	1971.00	1947.40	1949.74	73662	0	0
2023.11.09	1949.98	1965.50	1944.72	1958.24	82592	0	0
2023.11.10	1958.48	1960.71	1932.96	1936.51	79806	0	0
2023.11.13	1938.70	1949.13	1928.99	1945.87	78171	0	0
2023.11.14	1946.22	1970.82	1943.70	1962.87	80321	0	0
2023.11.15	1962.68	1975.24	1955.38	1959.40	89354	0	0
2023.11.16	1960.06	1987.89	1956.46	1981.00	81644	0	0
2023.11.17	1980.98	1993.36	1978.58	1980.22	84481	0	0
2023.11.20	1978.50	1985.15	1965.36	1977.78	96383	0	0
2023.11.21	1977.82	2007.50	1977.74	1998.13	101708	0	0
2023.11.22	1998.90	2006.29	1986.86	1989.62	95238	0	0
2023.11.23	1989.31	1998.44	1989.24	1992.70	45208	0	5
2023.11.24	1993.08	2003.56	1991.40	2002.50	60161	0	0
2023.11.27	2002.10	2018.09	2000.46	2013.75	93710	0	0
2023.11.28	2014.14	2042.96	2011.64	2040.70	88260	0	0
2023.11.29	2041.24	2051.94	2035.39	2043.82	97726	0	0
2023.11.30	2044.84	2047.14	2031.27	2035.90	85863	0	0
2023.12.01	2036.99	2075.29	2033.81	2071.52	99750	0	0
2023.12.04	2073.31	2135.62	2020.10	2029.16	134907	0	0
2023.12.05	2029.72	2041.14	2009.75	2019.12	111263	0	0
2023.12.06	2019.36	2035.82	2017.19	2025.08	92682	0	0
2023.12.07	2026.21	2039.87	2020.17	2028.23	96641	0	0
2023.12.08	2028.66	2033.94	1994.62	2003.61	105999	0	0
2023.12.11	2004.62	2007.76	1975.82	1981.74	87775	0	0
2023.12.12	1982.03	1996.66	1977.15	1979.17	82858	0	0
2023.12.13	1979.53	2027.60	1973.01	2027.48	87607	0	0
2023.12.14	2026.68	2047.85	2024.15	2036.00	130451	0	0
2023.12.15	2036.30	2044.84	2015.54	2019.03	99477	0	0
2023.12.18	2019.74	2033.59	2015.85	2027.18	73149	0	0
2023.12.19	2027.64	2046.98	2021.66	2039.92	73726	0	0
2023.12.20	2040.06	2043.39	2027.37	2030.91	74115	0	0
2023.12.21	2031.85	2045.94	2031.50	2045.54	78723	0	0
2023.12.22	2048.48	2070.56	2046.76	2053.06	91703	0	0
2023.12.25	2052.69	2052.69	2052.69	2052.69	1	0	99
2023.12.26	2053.96	2068.97	2053.46	2067.64	52849	0	0
2023.12.27	2067.98	2084.38	2061.44	2077.50	67803	0	1
2023.12.28	2077.99	2088.40	2064.58	2064.93	81263	0	0
2023.12.29	2065.86	2074.72	2058.22	2062.66	78669	0	0
2024.01.01	2065.46	2065.46	2065.46	2065.46	1	0	94
2024.01.02	2063.18	2078.89	2055.89	2058.78	89871	0	0
2024.01.03	2059.20	2065.90	2030.56	2041.21	104066	0	0
2024.01.04	2042.02	2050.87	2036.19	2043.20	115156	0	0
2024.01.05	2043.82	2063.92	2024.43	2044.85	127325	0	0
2024.01.08	2044.94	2046.54	2016.71	2027.91	119026	0	0
2024.01.09	2028.10	2041.89	2026.04	2029.90	111346	0	0
2024.01.10	2030.38	2040.16	2020.44	2024.10	109471	0	0
2024.01.11	2024.35	2040.70	2013.26	2028.50	127508	0	1
2024.01.12	2028.56	2062.20	2028.54	2048.48	122998	0	0
2024.01.15	2048.46	2058.58	2045.76	2054.68	72391	0	5
2024.01.16	2054.76	2055.52	2024.21	2028.16	132448	0	0
2024.01.17	2028.14	2032.87	2001.81	2006.00	132876	0	0
2024.01.18	2005.93	2023.24	2005.73	2022.81	117626	0	0
2024.01.19	2023.62	2039.36	2020.37	2029.54	106337	0	0
2024.01.22	2029.80	2032.08	2016.44	2021.64	106069	0	0
2024.01.23	2021.78	2037.83	2019.56	2029.00	108278	0	0
2024.01.24	2028.92	2036.62	2011.15	2013.66	115092	0	0
2024.01.25	2013.80	2025.14	2009.31	2020.55	99143	0	0
2024.01.26	2020.33	2026.86	2015.87	2018.37	93866	0	0
2024.01.29	2026.10	2037.54	2019.25	2032.71	97013	0	3
2024.01.30	2032.69	2048.56	2029.04	2036.60	95080	0	0
2024.01.31	2036.80	2055.94	2030.82	2039.26	125014	0	0
2024.02.01	2040.20	2065.35	2029.96	2054.80	126535	0	0
2024.02.02	2054.70	2057.58	2027.72	2037.73	93098	0	0
2024.02.05	2039.81	2042.19	2014.86	2024.66	114202	0	0
2024.02.06	2025.01	2038.86	2022.85	2035.83	92940	0	0
2024.02.07	2036.17	2044.52	2030.55	2034.92	96431	0	4
2024.02.08	2035.29	2038.65	2020.12	2034.10	98886	0	0
2024.02.09	2034.37	2037.12	2020.28	2024.25	90450	0	6
2024.02.12	2023.62	2027.52	2011.85	2019.74	84087	0	5
2024.02.13	2019.72	2031.70	1990.04	1992.95	95826	0	0
2024.02.14	1993.23	1996.05	1984.18	1992.08	98308	0	0
2024.02.15	1992.34	2008.24	1990.20	2004.06	94056	0	0
2024.02.16	2004.20	2015.13	1995.06	2013.40	91974	0	0
2024.02.19	2015.12	2022.95	2011.38	2017.90	59013	0	12
2024.02.20	2017.72	2030.86	2014.98	2024.10	84022	0	12
2024.02.21	2024.39	2032.18	2020.00	2025.58	97807	0	3
2024.02.22	2025.74	2034.82	2019.56	2024.18	93973	0	0
2024.02.23	2024.39	2041.29	2015.98	2035.98	90282	0	0
2024.02.26	2035.01	2036.96	2025.04	2031.14	82645	0	6
2024.02.27	2031.24	2039.42	2028.74	2030.26	74687	0	0
2024.02.28	2030.51	2037.80	2024.43	2034.30	79083	0	15
2024.02.29	2035.00	2050.72	2028.06	2044.04	86598	0	0
2024.03.01	2043.82	2088.26	2038.98	2083.41	100113	0	0
2024.03.04	2082.62	2119.84	2079.39	2114.27	93293	0	0
2024.03.05	2114.90	2141.74	2110.42	2127.94	103755	0	0
2024.03.06	2127.92	2152.14	2123.66	2147.92	100591	0	0
2024.03.07	2148.98	2164.60	2144.12	2159.83	100162	0	1
2024.03.08	2159.56	2195.10	2153.94	2177.13	109277	0	0
2024.03.11	2179.92	2188.94	2174.80	2182.40	86098	0	0
2024.03.12	2182.56	2184.70	2150.54	2158.17	97359	0	0
2024.03.13	2158.01	2179.79	2155.73	2174.01	86130	0	0
2024.03.14	2174.42	2176.92	2152.72	2161.90	86134	0	6
2024.03.15	2161.80	2172.65	2155.11	2156.78	80569	0	0
2024.03.18	2155.43	2163.53	2146.01	2160.04	77072	0	6
2024.03.19	2160.18	2162.81	2147.08	2157.24	76387	0	0
2024.03.20	2157.68	2188.76	2149.55	2186.12	83314	0	3
2024.03.21	2186.86	2222.72	2166.37	2181.19	116309	0	0
2024.03.22	2181.40	2186.01	2157.10	2165.42	91598	0	5
2024.03.25	2166.04	2181.24	2163.50	2171.63	82438	0	5
2024.03.26	2171.74	2200.00	2167.48	2178.76	88694	0	0
2024.03.27	2178.68	2197.56	2173.38	2194.72	78985	0	0
2024.03.28	2194.09	2236.22	2187.33	2233.82	100035	0	1
2024.04.01	2240.21	2265.66	2228.44	2251.36	102614	0	0
2024.04.02	2251.58	2280.99	2246.65	2280.77	111006	0	0
2024.04.03	2280.00	2301.01	2265.45	2300.10	112970	0	0
2024.04.04	2300.01	2305.51	2279.92	2290.70	101580	0	0
2024.04.05	2290.74	2330.42	2267.74	2327.60	117956	0	0
2024.04.08	2323.00	2353.86	2302.87	2338.77	138858	0	0
2024.04.09	2339.05	2365.26	2336.87	2352.73	123323	0	0
2024.04.10	2353.16	2360.04	2319.34	2333.95	133575	0	0
2024.04.11	2333.45	2377.61	2325.62	2372.55	135098	0	6
2024.04.12	2372.14	2431.41	2333.77	2342.80	169696	0	0
2024.04.15	2356.03	2387.50	2324.31	2383.02	165627	0	0
2024.04.16	2382.82	2398.19	2362.95	2382.37	156097	0	0
2024.04.17	2382.01	2395.53	2354.60	2360.86	144579	0	0
2024.04.18	2361.52	2392.72	2361.52	2378.73	130696	0	0
2024.04.19	2378.59	2417.80	2372.85	2389.88	155670	0	0
2024.04.22	2388.22	2388.84	2324.80	2326.85	127189	0	0
2024.04.23	2327.41	2334.38	2291.31	2321.62	137314	0	0
2024.04.24	2321.79	2337.19	2311.76	2315.75	114861	0	5
2024.04.25	2315.32	2344.77	2305.06	2332.28	113700	0	0
2024.04.26	2332.28	2352.46	2326.20	2337.01	105341	0	0
2024.04.29	2337.88	2346.67	2319.73	2335.58	118710	0	0
2024.04.30	2335.62	2336.28	2285.02	2285.82	115650	0	0
2024.05.01	2286.74	2328.25	2281.55	2319.44	112912	0	0
2024.05.02	2320.96	2326.36	2285.45	2303.64	114091	0	0
2024.05.03	2303.82	2320.52	2277.28	2302.23	104779	0	0
2024.05.06	2304.68	2332.00	2291.80	2323.64	102218	0	0
2024.05.07	2324.40	2329.86	2309.95	2313.86	91943	0	12
2024.05.08	2313.76	2321.39	2303.64	2308.37	90473	0	0
2024.05.09	2309.52	2347.20	2306.69	2346.26	98622	0	0
2024.05.10	2346.22	2378.37	2345.21	2361.48	107947	0	0
2024.05.13	2361.74	2364.42	2332.10	2335.92	98445	0	0
2024.05.14	2336.74	2359.56	2334.76	2357.91	99139	0	0
2024.05.15	2357.91	2390.20	2351.83	2385.87	120408	0	0
2024.05.16	2385.40	2397.40	2370.90	2376.56	115462	0	0
2024.05.17	2377.04	2422.67	2373.91	2417.65	108208	0	0
2024.05.20	2417.76	2450.01	2407.30	2426.16	140480	0	0
2024.05.21	2426.66	2433.86	2406.17	2420.79	130833	0	0
2024.05.22	2421.20	2426.43	2374.96	2378.65	132119	0	0
2024.05.23	2379.41	2383.63	2326.92	2328.67	136848	0	0
2024.05.24	2328.89	2347.36	2325.34	2334.22	100641	0	5
2024.05.27	2337.22	2358.42	2332.26	2352.57	75306	0	0
2024.05.28	2351.60	2364.03	2340.27	2360.90	113118	0	5
2024.05.29	2360.70	2362.64	2334.52	2337.77	112082	0	0
2024.05.30	2338.06	2351.71	2322.53	2342.82	127301	0	5
2024.05.31	2344.10	2359.65	2320.56	2329.18	129644	0	4
2024.06.03	2328.98	2354.66	2314.73	2350.58	122508	0	0
2024.06.04	2351.10	2352.74	2315.58	2326.84	127463	0	5
2024.06.05	2326.60	2357.34	2325.85	2355.04	111521	0	5
2024.06.06	2356.48	2378.46	2353.43	2375.94	122463	0	5
2024.06.07	2375.72	2387.65	2286.74	2291.49	144796	0	5
2024.06.10	2294.88	2313.72	2287.72	2310.77	100381	0	5
2024.06.11	2311.68	2319.84	2297.72	2316.40	109276	0	5
2024.06.12	2317.02	2341.59	2310.66	2324.64	122804	0	5
2024.06.13	2325.18	2326.62	2295.55	2303.86	116664	0	5
2024.06.14	2304.08	2336.62	2301.48	2332.16	118951	0	5
2024.06.17	2331.32	2332.80	2309.99	2318.89	102595	0	5
2024.06.18	2319.10	2333.10	2306.55	2329.18	102410	0	5
2024.06.19	2329.18	2334.95	2323.72	2328.28	61223	0	5
2024.06.20	2328.92	2365.43	2327.70	2359.67	105799	0	5
2024.06.21	2360.34	2368.66	2316.66	2321.36	111566	0	6
2024.06.24	2322.77	2334.61	2317.67	2334.46	97172	0	10
2024.06.25	2334.14	2337.04	2315.44	2319.34	95020	0	9
2024.06.26	2319.28	2323.84	2293.60	2298.00	108749	0	10
2024.06.27	2298.50	2330.98	2296.54	2327.70	150753	0	10
2024.06.28	2327.76	2339.86	2319.09	2326.40	170971	0	9
2024.07.01	2327.40	2338.52	2318.52	2331.80	169837	0	10
2024.07.02	2331.56	2336.78	2319.02	2329.36	154320	0	10
2024.07.03	2329.64	2364.95	2326.86	2355.79	179861	0	10
2024.07.04	2356.65	2362.46	2350.43	2356.47	90842	0	10
2024.07.05	2356.69	2392.90	2352.23	2391.28	196560	0	8
2024.07.08	2386.32	2391.10	2351.08	2359.02	180639	0	10
2024.07.09	2359.19	2371.59	2349.45	2363.85	172410	0	10
2024.07.10	2363.71	2386.70	2363.12	2370.98	146838	0	10
2024.07.11	2371.38	2424.56	2371.04	2415.60	208142	0	7
2024.07.12	2415.51	2418.29	2391.45	2410.97	193554	0	10
2024.07.15	2412.00	2439.75	2401.35	2422.31	196991	0	10
2024.07.16	2422.40	2469.67	2420.04	2468.94	222364	0	10
2024.07.17	2468.57	2483.71	2451.51	2458.56	291395	0	8
2024.07.18	2458.82	2474.92	2440.36	2445.19	219577	0	10
2024.07.19	2445.58	2445.78	2393.82	2400.57	253867	0	7
2024.07.22	2402.01	2412.18	2383.83	2396.47	209597	0	10
2024.07.23	2396.39	2412.01	2388.30	2409.24	187453	0	8
2024.07.24	2409.04	2432.01	2396.65	2397.72	223841	0	10
2024.07.25	2397.44	2401.23	2353.12	2364.19	327803	0	8
2024.07.26	2364.27	2390.81	2355.83	2386.86	229284	0	9
2024.07.29	2389.07	2403.14	2369.61	2384.16	235442	0	10
2024.07.30	2383.62	2412.75	2376.53	2410.58	209725	0	9
2024.07.31	2410.30	2450.94	2403.88	2447.20	268214	0	7
2024.08.01	2448.07	2462.30	2430.26	2446.16	304331	0	8
2024.08.02	2446.39	2477.68	2410.81	2442.34	342717	0	8
2024.08.05	2443.74	2458.80	2364.30	2409.99	442579	0	8
2024.08.06	2410.40	2418.35	2381.62	2389.82	324326	0	9
2024.08.07	2392.48	2407.08	2379.04	2382.64	253544	0	7
2024.08.08	2382.49	2427.54	2380.40	2427.12	272019	0	9
2024.08.09	2427.02	2437.03	2416.90	2430.96	201680	0	8
2024.08.12	2429.80	2473.09	2423.86	2472.26	175097	0	9
2024.08.13	2470.64	2476.92	2458.46	2464.88	219969	0	8
2024.08.14	2465.58	2479.97	2438.11	2447.70	249824	0	8
2024.08.15	2447.78	2470.07	2432.20	2456.24	241322	0	8
2024.08.16	2456.52	2509.74	2450.75	2507.64	237369	0	8
2024.08.19	2509.62	2510.12	2485.64	2503.85	232039	0	8
2024.08.20	2503.34	2531.65	2497.34	2513.58	222452	0	7
2024.08.21	2513.82	2519.96	2494.01	2512.04	208664	0	9
2024.08.22	2512.00	2514.65	2470.77	2484.48	230768	0	9
2024.08.23	2484.92	2518.35	2483.96	2512.15	224363	0	8
2024.08.26	2512.00	2526.83	2508.74	2517.80	219922	0	9
2024.08.27	2517.96	2525.97	2503.53	2524.60	206445	0	9
2024.08.28	2524.56	2529.01	2493.61	2504.26	188159	0	9
2024.08.29	2504.44	2528.69	2503.65	2521.04	190338	0	9
2024.08.30	2521.38	2526.84	2494.16	2503.39	201541	0	9
2024.09.02	2502.96	2507.29	2490.08	2499.71	124712	0	9
2024.09.03	2499.46	2506.28	2473.36	2492.66	219010	0	9
2024.09.04	2492.84	2500.30	2471.88	2495.10	196304	0	7
2024.09.05	2495.30	2523.51	2493.85	2516.52	214802	0	9
2024.09.06	2516.68	2529.18	2485.13	2497.24	272929	0	9
2024.09.09	2497.52	2507.16	2485.59	2506.12	227104	0	8
2024.09.10	2506.17	2518.43	2500.13	2516.44	205402	0	9
2024.09.11	2516.49	2529.04	2500.88	2511.56	264544	0	9
2024.09.12	2511.92	2560.07	2511.03	2558.60	261698	0	8
2024.09.13	2558.62	2586.06	2556.67	2578.74	248335	0	9
2024.09.16	2579.16	2589.66	2575.20	2582.34	181400	0	9
2024.09.17	2582.36	2586.93	2560.71	2569.08	218890	0	9
2024.09.18	2569.52	2600.16	2546.82	2558.98	294844	0	9
2024.09.19	2558.90	2594.88	2551.09	2586.56	314097	0	9
2024.09.20	2586.70	2625.79	2584.81	2621.98	263313	0	9
2024.09.23	2621.22	2634.88	2613.86	2628.55	228469	0	9
2024.09.24	2628.80	2664.33	2622.63	2657.03	294092	0	7
2024.09.25	2657.40	2670.55	2649.67	2656.99	256980	0	7
2024.09.26	2657.12	2685.59	2654.84	2672.22	289813	0	9
2024.09.27	2672.18	2674.31	2643.10	2658.17	301478	0	9
2024.09.30	2658.68	2666.01	2624.67	2634.42	286388	0	10
